"company";"year";"inhabitans";"tram_efficency";"bus_efficency";"total_efficency";"adj_tram_eff";"adj_bus_eff";"adj_total_eff"
"1";"Augsburg (Stawa)";"1994";"366333";"0.306681062726974";"0.596617911843825";"0.561366027183443";"112347.393751961";"218560.829499484";"205646.900836192"
"2";"Augsburg (Stawa)";"1995";"364473";"0.339793159670882";"0.602402679428571";"0.575162298008485";"123845.432284725";"219559.51177937";"209631.128242046"
"3";"Augsburg (Stawa)";"1996";"364586";"0.361086877112919";"0.570124932196166";"0.543089579340937";"131647.220179091";"207859.568529672";"198002.857373595"
"4";"Augsburg (Stawa)";"1997";"363322";"0.401473879484289";"0.548403942833679";"0.530505615053061";"145864.292841991";"199247.217318218";"192744.361072308"
"5";"Augsburg (Stawa)";"1998";"361271";"0.403630399400988";"0.556508355464113";"0.535726189957531";"145819.958021994";"201050.330086876";"193542.336372147"
"6";"Augsburg (Stawa)";"1999";"363320";"0.416323383286857";"0.535422033177784";"0.517039674128685";"151258.611615781";"194529.533094152";"187850.854404434"
"7";"Augsburg (Stawa)";"2000";"361073";"0.447711898401217";"0.504169762817284";"0.495455736791028";"161656.678291423";"182042.088769725";"178895.689250347"
"8";"Augsburg (Stawa)";"2001";"364927";"0.497511524418569";"0.510277920056224";"0.508075747825239";"181555.388071495";"186214.190532358";"185410.558426621"
"9";"Augsburg (Stawa)";"2002";"370419";"0.50444931416798";"0.508698197530493";"0.507897585219616";"186857.610504789";"188431.477631048";"188134.915619465"
"10";"Augsburg (Stawa)";"2003";"394023";"0.487086321605568";"0.510999957334362";"0.507047750312145";"191923.213697991";"201345.736188757";"199788.475721242"
"11";"Augsburg (Stawa)";"2004";"395554";"0.514530085665127";"0.574256395029706";"0.5643854267688";"203524.433505184";"227149.41407958";"223244.913100106"
"12";"Augsburg (Stawa)";"2005";"389145";"0.569436649429138";"0.601216959347653";"0.595964626935608";"221593.424942102";"233960.573645342";"231916.654748857"
"13";"Augsburg (Stawa)";"2006";"387203";"0.565035628314603";"0.568723603825064";"0.568117197476656";"218783.490390299";"220211.485571876";"219976.683214554"
"14";"Bielefeld (moBiel)";"1994";"299036";"0.39129058335092";"0.517770530801121";"0.509869377059093";"117009.970882926";"154832.028448644";"152469.299038243"
"15";"Bielefeld (moBiel)";"1995";"299036";"0.410996706661631";"0.555365477701308";"0.548181445434129";"122902.811173267";"166074.270989888";"163925.98671684"
"16";"Bielefeld (moBiel)";"1996";"302550";"0.450031566471535";"0.574325046974424";"0.567773067330577";"136157.050435963";"173762.042962112";"171779.741520866"
"17";"Bielefeld (moBiel)";"1997";"302089";"0.482542933595247";"0.567187225446034";"0.562967513703103";"145770.912266855";"171341.021747767";"170066.293247057"
"18";"Bielefeld (moBiel)";"1998";"298316";"0.480535593059483";"0.592680351468154";"0.587405249591788";"143351.455979133";"176806.031728574";"175232.384437224"
"19";"Bielefeld (moBiel)";"1999";"297368";"0.418003564268137";"0.609784479625778";"0.600456278014075";"124300.883899287";"181330.391137358";"178556.482480489"
"20";"Bielefeld (moBiel)";"2000";"297082";"0.459823178714271";"0.598843636703318";"0.590918601400522";"136605.189578793";"177905.665279095";"175551.27994127"
"21";"Bielefeld (moBiel)";"2001";"298990";"0.475533501402078";"0.564353629871455";"0.559320868068219";"142179.761584207";"168736.091795266";"167231.346343717"
"22";"Bielefeld (moBiel)";"2002";"299805";"0.492182218601054";"0.636843861002695";"0.625734794097032";"147558.690047689";"190928.973747913";"187598.419944261"
"23";"Bielefeld (moBiel)";"2003";"303753";"0.509549858606695";"0.653343204227149";"0.643118042111027";"154777.29820136";"198454.958313609";"195349.034645351"
"24";"Bielefeld (moBiel)";"2004";"303317";"0.520441244208276";"0.651503756695412";"0.642089448773008";"157858.676869522";"197612.164969582";"194756.645333482"
"25";"Bielefeld (moBiel)";"2005";"302060";"0.493327755034941";"0.618475351688263";"0.609465628525905";"149014.581685854";"186816.664730957";"184095.187752535"
"26";"Bielefeld (moBiel)";"2006";"301248";"0.499658771575128";"0.650112777627907";"0.639281175747781";"150521.205619464";"195845.174034852";"192582.175631668"
"27";"Bochum (BOGESTRA)";"1994";"980879";"0.296132039056171";"0.535233337120145";"0.51269284024519";"290469.698337378";"524999.14048107";"502889.640446862"
"28";"Bochum (BOGESTRA)";"1995";"975460";"0.382274338054372";"0.557577445733509";"0.539966539777677";"372893.325798517";"543894.495215209";"526715.760891532"
"29";"Bochum (BOGESTRA)";"1996";"972477";"0.439814099036542";"0.569012694090292";"0.555671958405574";"427709.09558876";"553351.757710845";"540378.199094378"
"30";"Bochum (BOGESTRA)";"1997";"965540";"0.464324091786557";"0.587391070127706";"0.574701332501566";"448323.483583592";"567149.573851106";"554897.124583562"
"31";"Bochum (BOGESTRA)";"1998";"957626";"0.474103665330514";"0.590845590447104";"0.579045004118881";"454013.996615799";"565809.099397498";"554508.551114348"
"32";"Bochum (BOGESTRA)";"1999";"953415";"0.464011488283109";"0.599534516528299";"0.586092801758692";"442395.51310144";"571605.201075828";"558789.668588763"
"33";"Bochum (BOGESTRA)";"2000";"946934";"0.483107734743242";"0.579623013939869";"0.570196756042437";"457471.139691357";"548864.739082136";"539938.694986289"
"34";"Bochum (BOGESTRA)";"2001";"938934";"0.501248608478507";"0.598266184459255";"0.588842356171996";"470639.360953158";"561732.461639066";"552884.108849997"
"35";"Bochum (BOGESTRA)";"2002";"941746";"0.500855163730879";"0.598915265540105";"0.589628106662571";"471678.3470229";"564026.055661332";"555279.91093705"
"36";"Bochum (BOGESTRA)";"2003";"934417";"0.50046171898325";"0.597412111703581";"0.588329275625572";"467639.938067172";"558232.033181725";"549744.87674222"
"37";"Bochum (BOGESTRA)";"2004";"919424";"0.523976029856725";"0.608568869308829";"0.600791197847608";"481756.137274989";"559532.824095401";"552381.846289839"
"38";"Bochum (BOGESTRA)";"2005";"912119";"0.524534325252615";"0.639481336225384";"0.629025922059637";"478437.72421509";"583283.076916561";"573746.495003114"
"39";"Bochum (BOGESTRA)";"2006";"907580";"0.551174309684194";"0.629702325561085";"0.622693881276828";"500234.779983181";"571505.23663273";"565144.512769223"
"40";"Bonn (SWBV / SWB und SSB)";"1994";"384634";"0.515504273497372";"0.472135061263584";"0.475200163918015";"198280.470732388";"181599.197154058";"182778.139848442"
"41";"Bonn (SWBV / SWB und SSB)";"1995";"382096";"0.617505223991617";"0.506027901657445";"0.513859584686405";"235946.276066301";"193351.237111703";"196343.691870337"
"42";"Bonn (SWBV / SWB und SSB)";"1996";"381068";"0.6216939127485";"0.508990341103969";"0.516019116197797";"236907.655943245";"193959.931303807";"196638.372571262"
"43";"Bonn (SWBV / SWB und SSB)";"1997";"381699";"0.628001779242306";"0.5241200392519";"0.53083673399109";"239707.651135009";"200056.094862411";"202619.850527665"
"44";"Bonn (SWBV / SWB und SSB)";"1998";"391252";"0.629559126542054";"0.509835189137157";"0.517867665656537";"246316.267377832";"199474.037420291";"202616.759923451"
"45";"Bonn (SWBV / SWB und SSB)";"1999";"389476";"0.722279819823373";"0.57297859084036";"0.582995456657801";"281310.655105528";"223161.40964614";"227062.738477254"
"46";"Bonn (SWBV / SWB und SSB)";"2000";"388200";"0.717918976127303";"0.580012563092286";"0.58815829104964";"278696.146532619";"225160.876992425";"228323.04858547"
"47";"Bonn (SWBV / SWB und SSB)";"2001";"391528";"0.726206518348202";"0.554281018596701";"0.564683070320427";"284330.185715835";"217016.538649129";"221089.233156416"
"48";"Bonn (SWBV / SWB und SSB)";"2002";"392007";"0.778837049656324";"0.5750483495297";"0.594257326989881";"305309.575324627";"225422.978354089";"232953.031981322"
"49";"Bonn (SWBV / SWB und SSB)";"2003";"393977";"0.789738886163804";"0.589318608814052";"0.601780576664758";"311138.957154157";"232177.977544734";"237087.706252651"
"50";"Bonn (SWBV / SWB und SSB)";"2004";"323655";"0.789293104172987";"0.462837355418405";"0.472667394260604";"255458.659631108";"149799.624267944";"152981.165489416"
"51";"Bonn (SWBV / SWB und SSB)";"2005";"324070";"0.809443792260537";"0.485905170291114";"0.494733099718914";"262316.449757872";"157467.288536241";"160328.155625909"
"52";"Bonn (SWBV / SWB und SSB)";"2006";"323955";"0.779092952125276";"0.504131458763239";"0.511633934492371";"252391.057305744";"163315.906723645";"165746.371248476"
"53";"Brandenburg (VBBr)";"1994";"118468";"0.170037006521841";"0.38483234229559";"0.378762270833466";"20143.9440886295";"45590.317927074";"44871.2087010991"
"54";"Brandenburg (VBBr)";"1995";"123679";"0.180340058896529";"0.393858754540494";"0.387817272459727";"22304.2781442638";"48712.0569028138";"47964.8524405465"
"55";"Brandenburg (VBBr)";"1996";"122219";"0.230442031921352";"0.424451475663792";"0.41897491838098";"28164.3946993957";"51876.034904153";"51206.695549605"
"56";"Brandenburg (VBBr)";"1997";"109152";"0.227542347112427";"0.425565107638125";"0.419770063433291";"24836.7022720157";"46451.2826289166";"45818.7419638706"
"57";"Brandenburg (VBBr)";"1998";"81489";"0.277586855624362";"0.409620909674349";"0.400103437551871";"22620.2752779736";"33379.598308453";"32604.0290226644"
"58";"Brandenburg (VBBr)";"1999";"79795";"0.325464660413414";"0.486093485500571";"0.472980928350599";"25970.4525776884";"38787.8296755181";"37741.5131777361"
"59";"Brandenburg (VBBr)";"2000";"78535";"0.317609065772381";"0.485088166318036";"0.468983048256285";"24943.4279804339";"38096.3991417869";"36831.5836948074"
"60";"Brandenburg (VBBr)";"2001";"76979";"0.353938397605262";"0.500667912694905";"0.488291172243393";"27245.8239092554";"38540.9152513411";"37588.1661481241"
"61";"Brandenburg (VBBr)";"2002";"75995.5";"0.343604429791969";"0.530249013116441";"0.509085597838779";"26112.3904442556";"40296.5388762905";"38688.2145505569"
"62";"Brandenburg (VBBr)";"2003";"75328.75";"0.336626828382107";"0.601842113412922";"0.58323604704334";"25357.6781984886";"45336.0141007536";"43934.442378716"
"63";"Brandenburg (VBBr)";"2004";"75012";"0.333446437444775";"0.610905716153939";"0.595230551030568";"25012.4841656074";"45825.2595801393";"44649.434093905"
"64";"Brandenburg (VBBr)";"2005";"74662";"0.333019292641613";"0.582232922652997";"0.555071092288456";"24863.8864272081";"43470.6744711181";"41442.7178924407"
"65";"Brandenburg (VBBr)";"2006";"73785";"0.302546736894444";"0.478476190066413";"0.459182811372832";"22323.4109817566";"35304.3656840502";"33880.8037371444"
"66";"Braunschweig (BVAG)";"1994";"345300";"0.257078841041155";"0.599055847771502";"0.586655171595167";"88769.3238115108";"206853.9842355";"202572.030751811"
"67";"Braunschweig (BVAG)";"1995";"345000";"0.259108861303472";"0.620209394876309";"0.607203046831474";"89392.5571496979";"213972.241232327";"209485.051156859"
"68";"Braunschweig (BVAG)";"1996";"344000";"0.25960334440936";"0.625150560884681";"0.612731906118559";"89303.5504768199";"215051.79294433";"210779.775704784"
"69";"Braunschweig (BVAG)";"1997";"344000";"0.269498374868307";"0.666052244149181";"0.652348158619688";"92707.4409546975";"229121.971987318";"224407.766565173"
"70";"Braunschweig (BVAG)";"1998";"344000";"0.276194650028298";"0.732515020594556";"0.720486008949008";"95010.9596097346";"251985.167084527";"247847.187078459"
"71";"Braunschweig (BVAG)";"1999";"324494";"0.279638706202463";"0.756838203040355";"0.739084560346804";"90741.0823304621";"245589.455857377";"239828.505325176"
"72";"Braunschweig (BVAG)";"2000";"321894";"0.291502662850241";"0.712069807533761";"0.681951285486409";"93832.9581555155";"229210.998626272";"219516.027090362"
"73";"Braunschweig (BVAG)";"2001";"321801";"0.295764164749212";"0.869407877612101";"0.844073224644884";"95177.2039804611";"279776.324423452";"271623.607763948"
"74";"Braunschweig (BVAG)";"2002";"321986";"0.303276592309132";"0.907314132318393";"0.876458689011575";"97650.8168512481";"292142.44820867";"282207.427440081"
"75";"Braunschweig (BVAG)";"2003";"321986";"0.30380581875578";"0.816945495990778";"0.790940023813102";"97821.2203578986";"263045.012472087";"254671.614507486"
"76";"Braunschweig (BVAG)";"2004";"322034";"0.2737133609794";"0.774961087526281";"0.742497573313861";"88145.0084896401";"249563.818860438";"239109.463524556"
"77";"Braunschweig (BVAG)";"2005";"322034";"0.283555239112182";"0.695522950017259";"0.668084419413931";"91314.4278722525";"223982.037685858";"215145.897921546"
"78";"Braunschweig (BVAG)";"2006";"322034";"0.285384443166804";"0.711921192824092";"0.681358385544446";"91903.4937707785";"229262.829409914";"219420.56633042"
"79";"Bremen (BSAG)";"1994";"599078";"0.290630617259821";"0.521046365061184";"0.506103915738433";"174110.408926779";"312147.414288124";"303195.721632749"
"80";"Bremen (BSAG)";"1995";"597584";"0.305900346145755";"0.485499319760371";"0.474474355936851";"182801.152451165";"290126.625499682";"283538.283518167"
"81";"Bremen (BSAG)";"1996";"598721";"0.359291960700913";"0.515647946314059";"0.505928795719545";"215115.642002812";"308729.2540651";"302910.194502002"
"82";"Bremen (BSAG)";"1997";"598094";"0.342303655488482";"0.562619206850798";"0.54867760623816";"204729.762525728";"336499.171902221";"328160.784225406"
"83";"Bremen (BSAG)";"1998";"599064";"0.366760047979801";"0.664919151152476";"0.644461377489993";"219712.741382971";"398329.126366007";"386073.610644665"
"84";"Bremen (BSAG)";"1999";"591501";"0.385584778835979";"0.596496396142333";"0.581387021524002";"228073.78226626";"352828.214814586";"343891.004618469"
"85";"Bremen (BSAG)";"2000";"590701";"0.420922100113348";"0.622576590744232";"0.608151537905566";"248639.105459055";"367756.614729208";"359235.721592356"
"86";"Bremen (BSAG)";"2001";"591677";"0.488733717037988";"0.64625134295517";"0.634193652346509";"289172.499495886";"382372.055845686";"375237.797639425"
"87";"Bremen (BSAG)";"2002";"593586";"0.501863920565023";"0.585485150926187";"0.576720165191716";"297899.39715251";"347535.788797671";"342333.01597549"
"88";"Bremen (BSAG)";"2003";"597641";"0.465751891162206";"0.709582948901143";"0.684417157041126";"278352.425986072";"424075.863164228";"409035.754151216"
"89";"Bremen (BSAG)";"2004";"599555";"0.446649708671902";"0.730643924539347";"0.700053638483203";"267791.066082782";"438061.218177188";"419720.659220797"
"90";"Bremen (BSAG)";"2005";"600168";"0.483382469742794";"0.718356573300804";"0.693187454775491";"290110.690100593";"431134.627884797";"416028.928357697"
"91";"Bremen (BSAG)";"2006";"601501";"0.50240135811837";"0.676005618549069";"0.657462009435215";"302194.919309557";"406618.055562884";"395464.056137292"
"92";"Chemnitz (CVAG)";"1994";"282856";"0.170165149910375";"0.472706113785672";"0.448033954001008";"48132.233643049";"133707.76052096";"126729.092092909"
"93";"Chemnitz (CVAG)";"1995";"270830";"0.170866576559644";"0.465445617311055";"0.443788275991673";"46275.7949296485";"126056.636536353";"120191.178786825"
"94";"Chemnitz (CVAG)";"1996";"265476";"0.175122731269456";"0.46954627759416";"0.447447842541643";"46490.8822064901";"124653.267590587";"118786.663446585"
"95";"Chemnitz (CVAG)";"1997";"262693";"0.18895711215379";"0.471818101890942";"0.451869496828105";"49637.7106630154";"123943.312640037";"118702.953730265"
"96";"Chemnitz (CVAG)";"1998";"254935";"0.181028688176941";"0.49686579526362";"0.475400246887703";"46150.5486203884";"126668.481515531";"121196.161940317"
"97";"Chemnitz (CVAG)";"1999";"262069";"0.194933235286114";"0.526013844583233";"0.50166522485769";"51085.9580381965";"137851.922236083";"131470.90381323"
"98";"Chemnitz (CVAG)";"2000";"257870";"0.241297023028703";"0.557678763777904";"0.535663616827158";"62223.2633284117";"143808.622815408";"138131.576871219"
"99";"Chemnitz (CVAG)";"2001";"254979";"0.251667987241575";"0.618992929678918";"0.597083520251155";"64170.0517188697";"157830.198216601";"152243.758910119"
"100";"Chemnitz (CVAG)";"2002";"250454";"0.327711333349662";"0.604576855721466";"0.587476338163208";"82076.6142827562";"151418.691822864";"147135.798798328"
"101";"Chemnitz (CVAG)";"2003";"247723";"0.309668126470238";"0.656033960612373";"0.633144134245681";"76711.9172935867";"162514.700824779";"156844.364367743"
"102";"Chemnitz (CVAG)";"2004";"246559";"0.290301029945583";"0.691783358020414";"0.664355262767504";"71576.3316423529";"170565.412970155";"163802.769232693"
"103";"Chemnitz (CVAG)";"2005";"245444";"0.283921249458907";"0.668384968263086";"0.639300897316084";"69686.7671521919";"164051.080150365";"156912.569440849"
"104";"Chemnitz (CVAG)";"2006";"244012";"0.286417092442179";"0.680125689534307";"0.649855244018408";"69889.2075610009";"165958.829754645";"158572.47780342"
"105";"Cottbus (CV)";"1994";"165000";"0.230920824665694";"0.442618434907916";"0.438611207416407";"38101.9360698395";"73032.0417598061";"72370.8492237071"
"106";"Cottbus (CV)";"1995";"159430";"0.238000333382523";"0.461876674852674";"0.45741129073447";"37944.3931511757";"73636.9982717618";"72925.0820817965"
"107";"Cottbus (CV)";"1996";"156808";"0.232697346585322";"0.42618436791131";"0.421812213217324";"36488.8055233512";"66829.1183634367";"66143.5295301821"
"108";"Cottbus (CV)";"1997";"154800";"0.244729185490865";"0.381373913477921";"0.378209363149729";"37884.0779139859";"59036.6818063822";"58546.8094155781"
"109";"Cottbus (CV)";"1998";"152900";"0.225157303585635";"0.390027499710237";"0.385816006233029";"34426.5517182437";"59635.2047056952";"58991.2673530302"
"110";"Cottbus (CV)";"1999";"156700";"0.265081496902634";"0.42906822538693";"0.425895066124129";"41538.2705646427";"67234.9909181319";"66737.756861651"
"111";"Cottbus (CV)";"2000";"153000";"0.270621595545539";"0.431178804463038";"0.42706239830624";"41405.1041184675";"65970.3570828449";"65340.5469408546"
"112";"Cottbus (CV)";"2001";"150500";"0.272684950515917";"0.450260046300604";"0.445594787714973";"41039.0850526455";"67764.1369682409";"67062.0155511035"
"113";"Cottbus (CV)";"2002";"147000";"0.307700804286631";"0.445682008857377";"0.44170275046321";"45232.0182301348";"65515.2553020344";"64930.3043180918"
"114";"Cottbus (CV)";"2003";"147400";"0.30518900669978";"0.456483742474489";"0.452486323034288";"44984.8595875476";"67285.7036407397";"66696.484015254"
"115";"Cottbus (CV)";"2004";"145000";"0.326878042780692";"0.474689495371889";"0.470774944666323";"47397.3162032003";"68829.9768289239";"68262.3669766168"
"116";"Cottbus (CV)";"2005";"142000";"0.396631967948382";"0.441100399173216";"0.440075003356882";"56321.7394486703";"62636.2566825967";"62490.6504766772"
"117";"Cottbus (CV)";"2006";"139690";"0.373207080603768";"0.450056270786054";"0.44829500417033";"52133.2970895403";"62868.3604661039";"62622.3291325534"
"118";"Darmstadt (HEAG)";"1994";"263692";"0.326442466579536";"0.602093574586273";"0.564195473143645";"86080.2668972911";"158767.258869803";"148773.832704194"
"119";"Darmstadt (HEAG)";"1995";"262773";"0.393423077258158";"0.617300074669783";"0.586520176051094";"103380.962280358";"162209.792521203";"154121.666221474"
"120";"Darmstadt (HEAG)";"1996";"260924";"0.389080151782569";"0.61123216920229";"0.581946287809013";"101520.349523715";"159485.142516938";"151843.753200279"
"121";"Darmstadt (HEAG)";"1997";"267742";"0.386321577106645";"0.619522641826692";"0.590950395678022";"103434.511697687";"165872.231167962";"158222.240839625"
"122";"Darmstadt (HEAG)";"1998";"262282";"0.413408678689842";"0.620047161852333";"0.594370593575385";"108429.655064129";"162627.209704954";"155892.708024139"
"123";"Darmstadt (HEAG)";"1999";"226141";"0.549773127321784";"0.616671005220239";"0.600659947126019";"124326.244785676";"139454.59779151";"135833.841103025"
"124";"Darmstadt (HEAG)";"2000";"226141";"0.549773127321784";"0.616671005220239";"0.600659947126019";"124326.244785676";"139454.59779151";"135833.841103025"
"125";"Darmstadt (HEAG)";"2001";"226141";"0.549773127321784";"0.616671005220239";"0.600659947126019";"124326.244785676";"139454.59779151";"135833.841103025"
"126";"Darmstadt (HEAG)";"2002";"226141";"0.549773127321784";"0.616671005220239";"0.600659947126019";"124326.244785676";"139454.59779151";"135833.841103025"
"127";"Darmstadt (HEAG)";"2003";"226141";"0.549773127321784";"0.616671005220239";"0.600659947126019";"124326.244785676";"139454.59779151";"135833.841103025"
"128";"Darmstadt (HEAG)";"2004";"226141";"0.549773127321784";"0.616671005220239";"0.600659947126019";"124326.244785676";"139454.59779151";"135833.841103025"
"129";"Darmstadt (HEAG)";"2005";"226141";"0.549773127321784";"0.616671005220239";"0.600659947126019";"124326.244785676";"139454.59779151";"135833.841103025"
"130";"Darmstadt (HEAG)";"2006";"190000";"0.793813404508129";"0.642622510777768";"0.681382896631955";"150824.546856545";"122098.277047776";"129462.750360071"
"131";"Dessau (FTD)";"1994";"135000";"0.153472958053042";"0.528295284501845";"0.519466680264128";"20718.8493371607";"71319.8634077491";"70128.0018356573"
"132";"Dessau (FTD)";"1995";"130000";"0.122874589560032";"0.521827877848587";"0.51155134581157";"15973.6966428042";"67837.6241203164";"66501.6749555041"
"133";"Dessau (FTD)";"1996";"130000";"0.267208310694508";"0.543138265615981";"0.538680380860775";"34737.080390286";"70607.9745300775";"70028.4495119007"
"134";"Dessau (FTD)";"1997";"130000";"0.282407446043525";"0.517028901022309";"0.513312558385795";"36712.9679856582";"67213.7571329002";"66730.6325901533"
"135";"Dessau (FTD)";"1998";"102600";"0.41004847007853";"0.606585369809549";"0.603637099529004";"42070.9730300571";"62235.6589424597";"61933.1664116758"
"136";"Dessau (FTD)";"1999";"102600";"0.416372891238185";"0.550421554864991";"0.548410677051927";"42719.8586410378";"56473.2515291481";"56266.9354655277"
"137";"Dessau (FTD)";"2000";"100100";"0.299794925157918";"0.50021578337762";"0.497151106436099";"30009.4720083076";"50071.5999160997";"49764.8257542536"
"138";"Dessau (FTD)";"2001";"97455";"0.48868971862957";"0.468479940300523";"0.469050156509481";"47625.2565290447";"45655.7125819875";"45711.2830026315"
"139";"Dessau (FTD)";"2002";"96114";"0.461830204111911";"0.560416127880377";"0.541835291780713";"44388.3482380122";"53863.8357150945";"52077.9572342114"
"140";"Dessau (FTD)";"2003";"95186";"0.562409545197555";"0.516155050173856";"0.522252909646434";"53533.5149691745";"49130.7346058487";"49711.1654576055"
"141";"Dessau (FTD)";"2004";"94181";"0.51105135763622";"0.558419476300091";"0.552452985162706";"48131.3279135369";"52592.5046974189";"52030.5745956089"
"142";"Dessau (FTD)";"2005";"95149";"0.475061824899447";"0.566034204060334";"0.556912312382955";"45201.6575773575";"53857.5884821367";"52989.6496109258"
"143";"Dessau (FTD)";"2006";"94181";"0.183650953003675";"0.551173153549017";"0.515668397882756";"17296.4304048391";"51910.0387743999";"48566.1653809959"
"144";"Dortmund (DSW21)";"1994";"691194";"0.490377320254707";"0.564361208085802";"0.556712935256552";"338945.861496132";"390083.080861658";"384796.640571717"
"145";"Dortmund (DSW21)";"1995";"686642";"0.461348879982339";"0.542833375012135";"0.534435652750736";"316781.517648833";"372732.194285082";"366965.965476071"
"146";"Dortmund (DSW21)";"1996";"683060";"0.497069966413465";"0.564475054807245";"0.55730609990838";"339528.611258381";"385570.330936637";"380673.504603418"
"147";"Dortmund (DSW21)";"1997";"679933";"0.551083130974216";"0.580045795037786";"0.576981664050472";"374699.606492692";"394392.277557427";"392308.87378283"
"148";"Dortmund (DSW21)";"1998";"677285";"0.581350685684723";"0.589711129463701";"0.588829327981512";"393740.099153978";"399402.502318822";"398805.271401958"
"149";"Dortmund (DSW21)";"1999";"671762";"0.573634324189436";"0.535566028140481";"0.539307592115454";"385345.740886144";"359772.906195706";"362286.346694661"
"150";"Dortmund (DSW21)";"2000";"668121";"0.623079459947183";"0.551705898405469";"0.55859555710956";"416292.471859372";"368606.296548561";"373209.422211597"
"151";"Dortmund (DSW21)";"2001";"667865";"0.635335256823258";"0.547405838076096";"0.555702767845059";"424318.181298265";"365593.200046692";"371134.42904684"
"152";"Dortmund (DSW21)";"2002";"669894";"0.675980610992801";"0.548814173751601";"0.560802709400316";"452835.355420412";"367647.322111155";"375678.370211016"
"153";"Dortmund (DSW21)";"2003";"670038";"0.687177835837467";"0.54360643526671";"0.556160617376734";"460435.262768865";"364236.968673236";"372648.747745872"
"154";"Dortmund (DSW21)";"2004";"668332";"0.696716212556998";"0.560253264076337";"0.571457718570064";"465637.739770643";"374435.184486667";"381923.479967368"
"155";"Dortmund (DSW21)";"2005";"666769";"0.665830293499396";"0.557186317674316";"0.56526736529506";"443954.998966299";"371514.563849386";"376902.755890422"
"156";"Dortmund (DSW21)";"2006";"665857";"0.698140314922492";"0.556257280985567";"0.566844922978629";"464861.615673346";"370387.804345207";"377437.659879781"
"157";"Dresden (DVB)";"1994";"572198";"0.279616091276947";"0.515233099458859";"0.44441746126568";"159995.768196486";"294815.34904416";"254294.7825013"
"158";"Dresden (DVB)";"1995";"572607";"0.271726603977741";"0.513052694678653";"0.441397832627892";"155592.555523883";"293777.564341859";"252747.488747559"
"159";"Dresden (DVB)";"1996";"566630";"0.311427468286457";"0.540076101375517";"0.469467225871586";"176464.146355155";"306023.321322409";"266014.214195617"
"160";"Dresden (DVB)";"1997";"563320";"0.325133404381174";"0.524205954439864";"0.462344290571973";"183154.149356003";"295295.698255064";"260447.785765004"
"161";"Dresden (DVB)";"1998";"557238";"0.326776905452172";"0.563454740697664";"0.488799175419774";"182092.509240357";"313978.392796885";"272377.474912564"
"162";"Dresden (DVB)";"1999";"549069";"0.339473979417136";"0.627778934253573";"0.534533200965711";"186394.638404587";"344693.951651675";"293495.610121042"
"163";"Dresden (DVB)";"2000";"547801";"0.39325665838256";"0.636908730315618";"0.560176247570363";"215426.390718625";"348899.239375626";"306865.108595292"
"164";"Dresden (DVB)";"2001";"548876";"0.404107228689992";"0.691368772904433";"0.599751862929245";"221804.759254448";"379475.726596694";"329189.403517152"
"165";"Dresden (DVB)";"2002";"549257";"0.442311102205606";"0.666595821191439";"0.595053907179169";"242942.469064144";"366132.420960146";"326837.523895509"
"166";"Dresden (DVB)";"2003";"551506";"0.941833285654484";"1";"0.981902157361217";"519426.708038162";"551506";"541524.931197656"
"167";"Dresden (DVB)";"2004";"554633";"0.493460866992233";"0.696759018926837";"0.633537374039499";"273689.681042503";"386445.544944448";"351380.73437565"
"168";"Dresden (DVB)";"2005";"559440";"0.524167712781865";"0.685705776007673";"0.635620590760219";"293240.385238687";"383611.239329733";"355591.583294897"
"169";"Dresden (DVB)";"2006";"569984";"0.560003222063433";"0.65490107014804";"0.625705150601523";"319192.876524604";"373283.13156726";"356641.924560459"
"170";"Duisburg (DVG)";"1994";"605472";"0.523625778499868";"0.330391046242425";"0.355670091038853";"317040.747359872";"200042.527550494";"215348.281361477"
"171";"Duisburg (DVG)";"1995";"604312";"0.43979253889896";"0.38246749065614";"0.389047799817804";"265771.908767108";"231129.694213393";"235106.254003496"
"172";"Duisburg (DVG)";"1996";"602410";"0.473104876169056";"0.389667506802933";"0.399141310028771";"285003.108453001";"234739.602773155";"240446.716574432"
"173";"Duisburg (DVG)";"1997";"599850";"0.519082457392778";"0.405402414158489";"0.418329610086139";"311371.612067058";"243180.63813297";"250935.01661017"
"174";"Duisburg (DVG)";"1998";"594883";"0.531143112686577";"0.413468278065159";"0.426896705804348";"315968.008304329";"245965.249660236";"253953.593039008"
"175";"Duisburg (DVG)";"1999";"590788";"0.526029260927721";"0.476967232879474";"0.482391411876186";"310771.775004967";"281786.517578399";"284991.057439508"
"176";"Duisburg (DVG)";"2000";"586209";"0.541938556975117";"0.475398701221479";"0.482809445321324";"317689.259545826";"278682.997244342";"283027.242132368"
"177";"Duisburg (DVG)";"2001";"583325";"0.58936234809509";"0.489697223114992";"0.500122368326364";"343789.791702568";"285652.632673553";"291733.880503976"
"178";"Duisburg (DVG)";"2002";"580441";"0.587761261287001";"0.554549354309959";"0.558044694464107";"341160.734262688";"321883.181765027";"323912.020499441"
"179";"Duisburg (DVG)";"2003";"578346";"0.610102621354185";"0.488624089150973";"0.501323913537197";"352850.410649707";"282593.787464109";"289938.680098584"
"180";"Duisburg (DVG)";"2004";"576516";"0.633114518848401";"0.470792332524227";"0.488013392966492";"365000.649948405";"271419.312377537";"281347.52925947"
"181";"Duisburg (DVG)";"2005";"573513";"0.625149012050932";"0.471360540333085";"0.487962538233581";"358531.085348366";"270331.397568048";"279852.859189956"
"182";"Duisburg (DVG)";"2006";"571130";"0.619594135570287";"0.515426116092498";"0.526334367530875";"353868.798648258";"294375.317683908";"300605.347327908"
"183";"Düsseldorf (RBG)";"1994";"1172532";"0.439674921507966";"0.506081961306853";"0.497983541819184";"515532.915065579";"593397.294255047";"583901.638256332"
"184";"Düsseldorf (RBG)";"1995";"1172133";"0.448565881598732";"0.510740338086721";"0.503122144632624";"525778.872495966";"598655.604702603";"589726.068754671"
"185";"Düsseldorf (RBG)";"1996";"1170898";"0.45935679340268";"0.568200775732856";"0.555084668223482";"537859.950681611";"665305.151904049";"649947.527853539"
"186";"Düsseldorf (RBG)";"1997";"1171019";"0.47559123139554";"0.558219115395121";"0.548510670597738";"556926.368197573";"653685.190290879";"642316.416972693"
"187";"Düsseldorf (RBG)";"1998";"992463";"0.484377115242526";"0.57936964920093";"0.568150058575922";"480726.364924943";"575002.940154903";"563867.911584435"
"188";"Düsseldorf (RBG)";"1999";"992348";"0.486312842960726";"0.581845249294497";"0.57094246074515";"482591.577086391";"577392.969446896";"566573.609035528"
"189";"Düsseldorf (RBG)";"2000";"992643";"0.489153917388481";"0.59688426320296";"0.585724669499409";"485555.212018254";"592492.985678575";"581415.493105902"
"190";"Düsseldorf (RBG)";"2001";"995514";"0.504599397872595";"0.628006824266282";"0.614375044323766";"502335.764973738";"625189.585652623";"611618.95787493"
"191";"Düsseldorf (RBG)";"2002";"997498";"0.519909776637738";"0.619965379260854";"0.608733707651902";"518608.96237659";"618414.225881944";"607210.655915357"
"192";"Düsseldorf (RBG)";"2003";"1568660";"1";"1";"1";"1568660";"1568660";"1568660"
"193";"Düsseldorf (RBG)";"2004";"998319";"0.558886223339539";"0.649189904067869";"0.639293517752265";"557946.735598106";"648098.615839131";"638218.865348923"
"194";"Düsseldorf (RBG)";"2005";"996595";"0.568921180850395";"0.64270803084597";"0.634441149900458";"566984.004229599";"640519.61000094";"632280.877785047"
"195";"Düsseldorf (RBG)";"2006";"997771";"0.559102300385196";"0.677935859304746";"0.664571987053488";"557856.061357637";"676424.740274356";"663090.656094346"
"196";"Erfurt (EVAG)";"1994";"266100";"0.274375380140242";"0.348479788935277";"0.345576975847484";"73011.2886553185";"92730.4718356773";"91958.0332730155"
"197";"Erfurt (EVAG)";"1995";"262400";"0.287955573290188";"0.411089223018272";"0.404973185087735";"75559.5424313452";"107869.812119994";"106264.963767022"
"198";"Erfurt (EVAG)";"1996";"258213";"0.29160257419056";"0.408219214292123";"0.402481886209904";"75295.5754894672";"105407.507980012";"103926.055283918"
"199";"Erfurt (EVAG)";"1997";"257212";"0.298823355494154";"0.427681456464531";"0.421535168176737";"76860.9529133623";"110004.802780155";"108423.903677075"
"200";"Erfurt (EVAG)";"1998";"252169";"0.319388979008675";"0.476203277101042";"0.468962874091517";"80539.9994476386";"120083.704183293";"118257.898996784"
"201";"Erfurt (EVAG)";"1999";"248178";"0.323633938039975";"0.490652082736633";"0.482100839778407";"80318.823474885";"121769.052589412";"119646.822214526"
"202";"Erfurt (EVAG)";"2000";"247350";"0.343326238981696";"0.494109871967188";"0.485513286640703";"84921.7452121225";"122218.076831084";"120091.711450578"
"203";"Erfurt (EVAG)";"2001";"246947";"0.370583776948154";"0.506890420991565";"0.498998660889457";"91514.5519660158";"125175.068792604";"123226.222310669"
"204";"Erfurt (EVAG)";"2002";"247300";"0.381502396820901";"0.544021136009224";"0.533011156317599";"94345.5427338087";"134536.426935081";"131813.658957342"
"205";"Erfurt (EVAG)";"2003";"246700";"0.376528641894527";"0.569590910980151";"0.556731226966662";"92889.6159553797";"140518.077738803";"137345.593692675"
"206";"Erfurt (EVAG)";"2004";"249088";"0.399914924493297";"0.588485844621745";"0.575735615564939";"99614.0087121864";"146584.762065141";"143408.83300984"
"207";"Erfurt (EVAG)";"2005";"241700";"0.417546949710108";"0.606142449642593";"0.591143375608955";"100921.097744933";"146504.630078615";"142879.353884684"
"208";"Erfurt (EVAG)";"2006";"241400";"0.447680772861082";"0.570148403912008";"0.560465345734036";"108070.138568665";"137633.824704359";"135296.334460196"
"209";"Essen (EVAG)";"1994";"662653";"0.379352533200514";"0.521928272222195";"0.504679122322424";"251379.09418292";"345857.335372854";"334427.134444321"
"210";"Essen (EVAG)";"1995";"659295";"0.381126455456271";"0.533829680620948";"0.515148986075803";"251274.766450042";"351951.239284988";"339635.150774846"
"211";"Essen (EVAG)";"1996";"654548";"0.364298141735094";"0.557084992768832";"0.533944265269443";"238450.620076422";"364638.867846854";"349492.150943584"
"212";"Essen (EVAG)";"1997";"652121";"0.361541252748229";"0.564266063864532";"0.540281535921372";"235768.643283428";"367969.749833402";"352328.935486581"
"213";"Essen (EVAG)";"1998";"646321";"0.369341326220013";"0.567208960833725";"0.545375504997367";"238713.055303845";"366599.062775014";"352487.641765403"
"214";"Essen (EVAG)";"1999";"640856";"0.368375938376805";"0.621742570319122";"0.593014899375751";"236075.930364406";"398447.456644431";"380037.156354346"
"215";"Essen (EVAG)";"2000";"641022";"0.341991582141298";"0.601049124358675";"0.572450777219119";"219224.127967379";"385285.711794646";"366953.542114554"
"216";"Essen (EVAG)";"2001";"635607";"0.364990273249238";"0.580991054435432";"0.552891611706362";"231990.372609128";"369281.981136542";"351421.778641845"
"217";"Essen (EVAG)";"2002";"638553";"0.441462971891307";"0.550790037968019";"0.535418519354874";"281897.50509011";"351708.631114592";"341893.101789613"
"218";"Essen (EVAG)";"2003";"632673";"0.447537884561772";"0.570068628115351";"0.563448118830152";"283145.13603935";"360667.029155623";"356478.411684629"
"219";"Essen (EVAG)";"2004";"631998";"0.469628607005347";"0.573474095251377";"0.562230718577975";"296804.340370165";"362434.48125068";"355328.689679843"
"220";"Essen (EVAG)";"2005";"630087";"0.482545535997107";"0.596226322574002";"0.583909279088398";"304045.669139809";"375674.454911685";"367913.645932971"
"221";"Essen (EVAG)";"2006";"627154";"0.472690882672576";"0.594206775324498";"0.581040816686683";"296449.977831637";"372659.15597186";"364402.07234832"
"222";"Frankfurt / Main (VGF)";"1994";"1004678";"0.536283920447114";"0.34508397184991";"0.384836767018343";"538792.656626965";"346698.274670224";"386637.033414454"
"223";"Frankfurt / Main (VGF)";"1995";"1004678";"0.536852075878887";"0.337326887241574";"0.37954094916129";"539363.469889848";"338904.90242009";"381316.441721466"
"224";"Frankfurt / Main (VGF)";"1996";"785024";"0.555257818054613";"0.354168366156736";"0.397027764600095";"435890.713360505";"278030.667473826";"311676.323877425"
"225";"Frankfurt / Main (VGF)";"1997";"770100";"0.563664814895967";"0.371118954489137";"0.411828650689438";"434078.273951385";"285798.706852084";"317149.243895936"
"226";"Frankfurt / Main (VGF)";"1998";"763000";"0.607059130620187";"0.365938769871834";"0.417772962025315";"463186.116663202";"279211.281412209";"318760.770025315"
"227";"Frankfurt / Main (VGF)";"1999";"1008083";"0.607441854517574";"0.369180144130524";"0.418490178489278";"612351.80702764";"372164.227235531";"421872.834602007"
"228";"Frankfurt / Main (VGF)";"2000";"774254";"0.622286647881239";"0.381556489606563";"0.431470667565466";"481807.926268641";"295421.63830384";"334067.890245232"
"229";"Frankfurt / Main (VGF)";"2001";"771783";"0.627687754928915";"0.346291554509873";"0.402370512600501";"484438.738562303";"267261.934814294";"310542.721326352"
"230";"Frankfurt / Main (VGF)";"2002";"779334";"0.663592737020735";"0.38120104808079";"0.436200796735426";"517160.382113318";"297082.937604994";"339946.111723007"
"231";"Frankfurt / Main (VGF)";"2003";"840938";"0.675339560734741";"0.392951692452811";"0.449162254430678";"567918.699525152";"330448.010347882";"377717.607916425"
"232";"Frankfurt / Main (VGF)";"2004";"835110";"0.701286090079972";"0.420181398449941";"0.477999165724731";"585651.026686685";"350897.68765953";"399181.88328838"
"233";"Frankfurt / Main (VGF)";"2005";"660289";"0.588618745210321";"0.476888694335548";"0.499869392528875";"388658.482656178";"314884.359094124";"330058.261323498"
"234";"Frankfurt / Main (VGF)";"2006";"795910";"0.703621647767093";"0.308054993069565";"0.385968670337783";"560019.505674307";"245184.049533998";"307196.324408545"
"235";"Frankfurt / Oder (SVF)";"1994";"83125";"0.199013048032807";"0.496573198375322";"0.451539684979302";"16542.9596177271";"41277.6471149486";"37534.2363139045"
"236";"Frankfurt / Oder (SVF)";"1995";"80500";"0.246402320321026";"0.440309816683772";"0.415012195245694";"19835.3867858426";"35444.9402430436";"33408.4817172783"
"237";"Frankfurt / Oder (SVF)";"1996";"79634";"0.248422874996254";"0.41189831460523";"0.390570929830405";"19782.9072274517";"32801.1103852729";"31102.7254261144"
"238";"Frankfurt / Oder (SVF)";"1997";"77753";"0.234186623243967";"0.453969385258019";"0.425296016686205";"18208.7125170882";"35297.4816119668";"33068.0411854025"
"239";"Frankfurt / Oder (SVF)";"1998";"75132";"0.233229795171128";"0.440089664221033";"0.413102246219589";"17523.0209707972";"33064.8166522546";"31037.1979629701"
"240";"Frankfurt / Oder (SVF)";"1999";"73655";"0.237355478530623";"0.437577596128123";"0.424168104338927";"17482.4177711731";"32229.7778428169";"31242.1017250837"
"241";"Frankfurt / Oder (SVF)";"2000";"71468";"0.233625836321103";"0.396519879874444";"0.387088926364047";"16696.7712701966";"28338.4827748668";"27664.4713893857"
"242";"Frankfurt / Oder (SVF)";"2001";"70536";"0.239562393482455";"0.406378539731275";"0.397263889598124";"16897.7729866784";"28664.3166784852";"28021.4057166933"
"243";"Frankfurt / Oder (SVF)";"2002";"71443";"0.236373097533595";"0.367970790343377";"0.357129544850891";"16887.2032070926";"26288.9371745019";"25514.4060727822"
"244";"Frankfurt / Oder (SVF)";"2003";"66341";"0.272598100851224";"0.32426343132631";"0.322111153174945";"18084.4306085711";"21511.9602976187";"21369.176012779"
"245";"Frankfurt / Oder (SVF)";"2004";"64656";"0.255338883922264";"0.438136789329092";"0.43028203993701";"16509.1908788779";"28328.1722508618";"27820.3155741673"
"246";"Frankfurt / Oder (SVF)";"2005";"63120";"0.284910546032059";"0.486456362481183";"0.477313704739722";"17983.5536655436";"30705.1255998123";"30128.0410431713"
"247";"Frankfurt / Oder (SVF)";"2006";"61886";"0.286195585394608";"0.464988925710603";"0.449272539834263";"17711.4999977307";"28776.3046565264";"27803.6804001832"
"248";"Freiburg (VAG)";"1994";"226411";"0.380966674784769";"0.441877602826246";"0.433902415564097";"86255.0458046944";"100045.949933493";"98240.2798102829"
"249";"Freiburg (VAG)";"1995";"227293";"0.426579388230979";"0.442637011042929";"0.44071479691646";"96958.508889184";"100608.294150981";"100171.388335533"
"250";"Freiburg (VAG)";"1996";"228913";"0.431419431813119";"0.448786477554886";"0.447110774453268";"98757.5163946366";"102733.058936522";"102349.468712421"
"251";"Freiburg (VAG)";"1997";"229857";"0.434845165328415";"0.492383377466376";"0.48654722042713";"99952.2051668934";"113177.765994289";"111836.284445719"
"252";"Freiburg (VAG)";"1998";"230030";"0.468456489024506";"0.49805268757516";"0.495074531478831";"107759.046170307";"114567.059722914";"113881.994476076"
"253";"Freiburg (VAG)";"1999";"230950";"0.471160477682418";"0.456523387427877";"0.457870804827168";"108814.512320754";"105434.076326468";"105745.262374834"
"254";"Freiburg (VAG)";"2000";"231081";"0.432335477394355";"0.486283269474402";"0.48150509310862";"99904.514451765";"112370.824193414";"111266.678420633"
"255";"Freiburg (VAG)";"2001";"236007";"0.437186771506633";"0.504656193959864";"0.498201199592564";"103179.138382966";"119102.394367886";"117578.970512242"
"256";"Freiburg (VAG)";"2002";"239351";"0.457564416723108";"0.483140499652952";"0.480874373941887";"109518.500707093";"115640.161732434";"115097.762277365"
"257";"Freiburg (VAG)";"2003";"241855";"0.462079496230778";"0.507496671506043";"0.503630752103145";"111756.236560895";"122740.607487094";"121805.615549906"
"258";"Freiburg (VAG)";"2004";"243718";"0.487730179674692";"0.482303290475951";"0.482803439988855";"118868.623929957";"117545.993348218";"117667.888787204"
"259";"Freiburg (VAG)";"2005";"245716";"0.520506662445917";"0.456231828680264";"0.462230243920432";"127896.815069561";"112103.460016";"113577.366615153"
"260";"Freiburg (VAG)";"2006";"247468";"0.525463965118068";"0.417892073414511";"0.428677645669749";"130035.516519838";"103414.915623742";"106083.999618601"
"261";"Gera (GVB)";"1994";"129500";"0.272273758147484";"0.421755098428455";"0.416012127067495";"35259.4516800992";"54617.2852464849";"53873.5704552407"
"262";"Gera (GVB)";"1995";"126500";"0.248757906194268";"0.42248088298087";"0.416724381974923";"31467.8751335749";"53443.8316970801";"52715.6343198278"
"263";"Gera (GVB)";"1996";"124000";"0.306696914911861";"0.426055021386877";"0.417887524719167";"38030.4174490707";"52830.8226519727";"51818.0530651767"
"264";"Gera (GVB)";"1997";"115400";"0.301553796959467";"0.431883081127194";"0.413646071441998";"34799.3081691225";"49839.3075620782";"47734.7566444066"
"265";"Gera (GVB)";"1998";"118508";"0.350171027034271";"0.583225150327652";"0.545529890040308";"41498.0680717774";"69116.8461150294";"64649.6562088968"
"266";"Gera (GVB)";"1999";"117348";"0.35451965342989";"0.573997171908488";"0.556277661786329";"41602.1722906908";"67357.4201291172";"65278.0710553022"
"267";"Gera (GVB)";"2000";"115948";"0.351261705268368";"0.603620653974047";"0.583246462680994";"40728.0922024568";"69988.6075869828";"67626.2608549359"
"268";"Gera (GVB)";"2001";"113800";"0.34658233092142";"0.681364803793311";"0.658776258292388";"39441.0692588576";"77539.3146716788";"74968.7381936737"
"269";"Gera (GVB)";"2002";"113778";"0.357803119721517";"0.640549152197694";"0.621471625333743";"40710.1233556748";"72880.4014387492";"70709.7985872226"
"270";"Gera (GVB)";"2003";"110566";"0.357583885862534";"0.595979085901408";"0.580188202656124";"39536.6199242769";"65895.0236117751";"64149.088814877"
"271";"Gera (GVB)";"2004";"109103";"0.329935084030146";"0.540993719827538";"0.528236307122183";"35996.907472941";"59024.0378143439";"57632.1658159516"
"272";"Gera (GVB)";"2005";"107800";"0.331460868948392";"0.609354161451265";"0.592556936324157";"35731.4816726366";"65688.3786044464";"63877.6377357441"
"273";"Gera (GVB)";"2006";"107300";"0.331505096637808";"0.626287599348449";"0.596622974470824";"35570.4968692368";"67200.6594100885";"64017.6451607194"
"274";"Halberstadt (HVG)";"1994";"47000";"0.154336114867317";"0.206680697036493";"0.196942170121298";"7253.79739876392";"9713.99276071518";"9256.28199570099"
"275";"Halberstadt (HVG)";"1995";"46000";"0.170040903975834";"0.235330361063939";"0.226093267456619";"7821.88158288836";"10825.1966089412";"10400.2903030045"
"276";"Halberstadt (HVG)";"1996";"46000";"0.193581978345734";"0.274390964333936";"0.261379347946005";"8904.77100390378";"12621.9843593611";"12023.4500055162"
"277";"Halberstadt (HVG)";"1997";"44000";"0.180821956880765";"0.323140387566746";"0.300302125885719";"7956.16610275367";"14218.1770529368";"13213.2935389716"
"278";"Halberstadt (HVG)";"1998";"44300";"0.193512151783548";"0.322988490094046";"0.298079214587417";"8572.58832401117";"14308.3901111662";"13204.9092062226"
"279";"Halberstadt (HVG)";"1999";"43700";"0.236131945429239";"0.295841413893472";"0.287364718682481";"10318.9660152577";"12928.2697871447";"12557.8382064244"
"280";"Halberstadt (HVG)";"2000";"43840";"0.226959362503746";"0.307584525980918";"0.294911408967291";"9949.89845216423";"13484.5056190034";"12928.916169126"
"281";"Halberstadt (HVG)";"2001";"43417";"0.239984015592671";"0.283188629525747";"0.278864049484781";"10419.386004987";"12295.2007281194";"12107.4404364808"
"282";"Halberstadt (HVG)";"2002";"43200";"0.251593545037503";"0.310935908485466";"0.300481297475338";"10868.8411456201";"13432.4312465721";"12980.7920509346"
"283";"Halberstadt (HVG)";"2003";"41500";"0.237358262156251";"0.312363308070713";"0.305643572728547";"9850.36787948443";"12963.0772849346";"12684.2082682347"
"284";"Halberstadt (HVG)";"2004";"41693";"0.22758402467239";"0.313803873494814";"0.306079398984273";"9488.66074066598";"13083.4248976193";"12761.3683818513"
"285";"Halberstadt (HVG)";"2005";"42000";"0.21825654968321";"0.316725237265501";"0.307903383855825";"9166.77508669484";"13302.4599651511";"12931.9421219447"
"286";"Halberstadt (HVG)";"2006";"40800";"0.238674282317374";"0.316725237265501";"0.309732617581582";"9737.91071854886";"12922.3896804325";"12637.0907973286"
"287";"Halle / Saale (HAVAG)";"1994";"360078";"0.234656436202274";"0.450591194335802";"0.41956422552943";"84494.6202348425";"162247.976074047";"151075.847200186"
"288";"Halle / Saale (HAVAG)";"1995";"352054";"0.253868775721301";"0.496579995584588";"0.461005849657751";"89375.5179677869";"174822.973765537";"162298.95339541"
"289";"Halle / Saale (HAVAG)";"1996";"343062";"0.26345622324637";"0.499198855841123";"0.461049427292014";"90381.8188593463";"171256.157882567";"158168.538625653"
"290";"Halle / Saale (HAVAG)";"1997";"330000";"0.271944588419695";"0.551020460644373";"0.497205488696611";"89741.7141784994";"181836.752012643";"164077.811269882"
"291";"Halle / Saale (HAVAG)";"1998";"323786";"0.28511691269995";"0.351881472380893";"0.341490736264324";"92316.8646954661";"113934.29441632";"110569.91953208"
"292";"Halle / Saale (HAVAG)";"1999";"316698";"0.291290904156536";"0.570098027297948";"0.528666289323829";"92251.2467645666";"180548.905049206";"167427.556496278"
"293";"Halle / Saale (HAVAG)";"2000";"308346";"0.299519823024078";"0.540375708432932";"0.490254331556979";"92355.7393501825";"166622.688192461";"151167.962118268"
"294";"Halle / Saale (HAVAG)";"2001";"301757";"0.305210532047124";"0.49918682601563";"0.458488666752079";"92099.4145189439";"150633.119057999";"138352.164613107"
"295";"Halle / Saale (HAVAG)";"2002";"297117";"0.316435654591455";"0.492084038319003";"0.447641570215749";"94018.4123852495";"146206.533213227";"133001.920417793"
"296";"Halle / Saale (HAVAG)";"2003";"295777";"0.357887286149927";"0.506157274620661";"0.473225729812951";"105854.827835567";"149709.680215475";"139969.286686885"
"297";"Halle / Saale (HAVAG)";"2004";"293834";"0.367787012445465";"0.490053675930925";"0.462965230559867";"108068.329014901";"143994.431813487";"136034.925556328"
"298";"Halle / Saale (HAVAG)";"2005";"292374";"0.36377352378822";"0.4925108582002";"0.463906322944317";"106357.920244057";"143997.369655425";"135634.147264522"
"299";"Halle / Saale (HAVAG)";"2006";"289647";"0.33627466030821";"0.480737458519657";"0.443396014012274";"97400.946534292";"139244.162647843";"128428.325270613"
"300";"Hannover (üstra)";"1994";"773795";"0.602487473710579";"0.402506585695147";"0.430908927410164";"466201.794719877";"311457.583477976";"333435.173485348"
"301";"Hannover (üstra)";"1995";"764328";"0.618918035562787";"0.421261666304407";"0.449533615702082";"473056.384285634";"321982.086883115";"343591.129422341"
"302";"Hannover (üstra)";"1996";"730816";"0.673737280661759";"0.431934932013143";"0.470552752401072";"492377.984504104";"315664.959274117";"343887.480298742"
"303";"Hannover (üstra)";"1997";"732519";"0.70079689409724";"0.465409210536325";"0.507220694462474";"513347.040067216";"340921.089492858";"371548.795886957"
"304";"Hannover (üstra)";"1998";"730372";"0.638126026548328";"0.475070896844797";"0.503993771042209";"466069.382262156";"346978.481070328";"368102.93854364"
"305";"Hannover (üstra)";"1999";"718668";"0.578785865113532";"0.423775627792007";"0.450974431150347";"415954.880109412";"304553.982874026";"324100.892485958"
"306";"Hannover (üstra)";"2000";"722555";"0.744080090703238";"0.458428227520353";"0.501570415630558";"537638.789938078";"331239.607935968";"362412.211665938"
"307";"Hannover (üstra)";"2001";"729780";"0.673230842190267";"0.414960559778267";"0.448396162088485";"491310.404013613";"302829.917314984";"327230.551168935"
"308";"Hannover (üstra)";"2002";"734296";"0.69300771082883";"0.427694707227314";"0.46305121452783";"508872.790030767";"314054.512738188";"340016.654622928"
"309";"Hannover (üstra)";"2003";"737851";"0.705886677778767";"0.427256441235455";"0.464583965378824";"520839.191085741";"315251.592422021";"342793.743438731"
"310";"Hannover (üstra)";"2004";"738768";"0.699010952233162";"0.423156730719024";"0.460690353259242";"516406.923159389";"312614.651639832";"340343.290896623"
"311";"Hannover (üstra)";"2005";"738768";"0.688960383421763";"0.611721150914343";"0.622648369942693";"508981.884539729";"451920.011218687";"459992.690965823"
"312";"Hannover (üstra)";"2006";"1642000";"0.695405140751196";"0.391150009908698";"0.450368447570238";"1141855.24111346";"642268.316270083";"739504.990910331"
"313";"Heidelberg (HSB AG)";"1994";"273471";"0.304416166455423";"0.541810666239412";"0.518520468800445";"83248.9934567309";"148169.504707158";"141800.311123327"
"314";"Heidelberg (HSB AG)";"1995";"279758";"0.269554643376779";"0.550329746801128";"0.521528732723408";"75410.067921801";"153959.14930559";"145901.835209235"
"315";"Heidelberg (HSB AG)";"1996";"274980";"0.298326335882531";"0.559440636998941";"0.532656365278873";"82033.7758409783";"153834.986361969";"146469.847324385"
"316";"Heidelberg (HSB AG)";"1997";"413811";"0.312003172983255";"0.552900482755658";"0.528190005489608";"129110.345015374";"228796.301669601";"218570.83436166"
"317";"Heidelberg (HSB AG)";"1998";"288281";"0.306062186556683";"0.562577748771233";"0.536265201011861";"88231.913202747";"162180.47599352";"154595.0684129"
"318";"Heidelberg (HSB AG)";"1999";"288670";"0.320684464914516";"0.570235572368284";"0.544637416152759";"92571.9844868734";"164609.902675553";"157220.482920817"
"319";"Heidelberg (HSB AG)";"2000";"291974";"0.363914003650382";"0.573224003446136";"0.551753651633588";"106253.427301817";"167366.505182182";"161097.720682065"
"320";"Heidelberg (HSB AG)";"2001";"291076";"0.417487656203535";"0.582466174771577";"0.565543204829266";"121520.6370171";"169541.924287812";"164616.053888883"
"321";"Heidelberg (HSB AG)";"2002";"294340";"0.385081390577428";"0.643729516808755";"0.615021507066964";"113344.85650256";"189475.345977489";"181025.43039009"
"322";"Heidelberg (HSB AG)";"2003";"295279";"0.401514092062761";"0.641948751134983";"0.61717886055201";"118558.6795902";"189553.985286387";"182239.956764937"
"323";"Heidelberg (HSB AG)";"2004";"295609";"0.420649012042746";"0.674350729941698";"0.648806959713358";"124347.633800944";"199344.144927335";"191793.176553906"
"324";"Heidelberg (HSB AG)";"2005";"295767";"0.45728269734755";"0.641837423243488";"0.622890740356833";"135249.131546393";"189834.329160457";"184230.525603119"
"325";"Heidelberg (HSB AG)";"2006";"265029";"0.441584874733024";"0.752048732804968";"0.728926166984479";"117032.797765619";"199314.723606568";"193186.57310973"
"326";"Jena (JeNah)";"1994";"102000";"0.103872422505899";"0.700896426604659";"0.661294499911375";"10594.9870956017";"71491.4355136752";"67452.0389909602"
"327";"Jena (JeNah)";"1995";"102000";"0.127089120371699";"0.644468859756528";"0.604951408545492";"12963.0902779133";"65735.8236951659";"61705.0436716402"
"328";"Jena (JeNah)";"1996";"1e+05";"0.108851346769118";"0.728719761343457";"0.681068378052535";"10885.1346769118";"72871.9761343456";"68106.8378052535"
"329";"Jena (JeNah)";"1997";"1e+05";"0.17063110717235";"0.720351647724712";"0.65557338090181";"17063.110717235";"72035.1647724712";"65557.338090181"
"330";"Jena (JeNah)";"1998";"1e+05";"0.358959282841494";"0.570137680687621";"0.535308675614877";"35895.9282841494";"57013.7680687621";"53530.8675614878"
"331";"Jena (JeNah)";"1999";"99000";"0.347869404759236";"0.600977983249512";"0.563415846053397";"34439.0710711643";"59496.8203417017";"55778.1687592863"
"332";"Jena (JeNah)";"2000";"112000";"0.3560276168785";"0.564186098220607";"0.531836222759572";"39875.093090392";"63188.843000708";"59565.656949072"
"333";"Jena (JeNah)";"2001";"1e+05";"0.376544593243364";"0.514190584290472";"0.492799043386758";"37654.4593243364";"51419.0584290472";"49279.9043386757"
"334";"Jena (JeNah)";"2002";"1e+05";"0.377679083773335";"0.581059834750417";"0.524084376143362";"37767.9083773335";"58105.9834750417";"52408.4376143362"
"335";"Jena (JeNah)";"2003";"1e+05";"0.863852451791073";"0.607160031225644";"0.643808286450949";"86385.2451791073";"60716.0031225644";"64380.8286450949"
"336";"Jena (JeNah)";"2004";"101835";"0.55815382267326";"0.700888465219307";"0.683186680664931";"56839.5945319314";"71374.9768556081";"69572.3156255132"
"337";"Jena (JeNah)";"2005";"1e+05";"0.857990579959161";"0.669960601056708";"0.693464348419515";"85799.0579959161";"66996.0601056708";"69346.4348419515"
"338";"Jena (JeNah)";"2006";"1e+05";"0.868312143156381";"0.668030670023947";"0.693373280345563";"86831.2143156381";"66803.0670023947";"69337.3280345563"
"339";"Karlsruhe (VBK)";"1994";"351788";"0.432251139077976";"0.341536011394882";"0.348634377063108";"152060.763713963";"120148.270376583";"122645.390238277"
"340";"Karlsruhe (VBK)";"1995";"312565";"0.545355368605423";"0.336438595342922";"0.351801699947569";"170459.000788154";"105158.92955336";"109960.898344112"
"341";"Karlsruhe (VBK)";"1996";"305787";"0.448375756512578";"0.348486940286651";"0.356331826758342";"137107.477456712";"106562.776009434";"108961.640308953"
"342";"Karlsruhe (VBK)";"1997";"308215";"0.463837468093626";"0.354036233990118";"0.363662219559164";"142961.665228477";"109119.277859264";"112086.151001428"
"343";"Karlsruhe (VBK)";"1998";"308586";"0.48565250547674";"0.33001384474235";"0.344070804707523";"149865.564055045";"101837.652293663";"106175.433341476"
"344";"Karlsruhe (VBK)";"1999";"309402";"0.479207443896582";"0.346744741900285";"0.367210059098171";"148267.74155649";"107283.516633432";"113615.526705092"
"345";"Karlsruhe (VBK)";"2000";"310588";"0.485994684079177";"0.329873236657992";"0.354635400229528";"150944.116938783";"102454.668827132";"110145.499686489"
"346";"Karlsruhe (VBK)";"2001";"312152";"0.501926605559637";"0.326020138424843";"0.357696586180746";"156677.393778652";"101767.838249592";"111655.704769492"
"347";"Karlsruhe (VBK)";"2002";"313870";"0.475421300705643";"0.321776634476734";"0.3677513898155";"149220.48365248";"100996.032263213";"115426.128721391"
"348";"Karlsruhe (VBK)";"2003";"315136";"1";"0.483773796055473";"0.576733495865408";"315136";"152454.538993738";"181749.486953041"
"349";"Karlsruhe (VBK)";"2004";"317007";"0.478514876782485";"0.340906667663774";"0.367801317647407";"151692.565544185";"108069.79999609";"116595.592303452"
"350";"Karlsruhe (VBK)";"2005";"318411";"0.47771810532676";"0.341164253158384";"0.367709605458259";"152110.699635199";"108630.451012414";"117082.78318357"
"351";"Karlsruhe (VBK)";"2006";"318897";"0.486261949952922";"0.355094314071203";"0.381544391589805";"155067.477054137";"113238.511474365";"121673.361844814"
"352";"Kassel (KNE)";"1996";"272000";"0.497156783103172";"0.55218361774022";"0.550844877635795";"135226.645004063";"150193.94402534";"149829.806716936"
"353";"Kassel (KNE)";"1997";"274000";"0.47644191714054";"0.554338537936559";"0.552443402027931";"130545.085296508";"151888.759394617";"151369.492155653"
"354";"Kassel (KNE)";"1998";"277000";"0.493013809910646";"0.601064405205172";"0.598435657500859";"136564.825345249";"166494.840241833";"165766.677127738"
"355";"Kassel (KNE)";"1999";"281000";"0.480584890333066";"0.663705594947744";"0.659139386492176";"135044.354183591";"186501.272180316";"185218.167604301"
"356";"Kassel (KNE)";"2000";"281000";"0.484727863525593";"0.665798674979558";"0.661393428727741";"136208.529650692";"187089.427669256";"185851.553472495"
"357";"Kassel (KNE)";"2001";"276500";"0.483346872461417";"0.661013127278465";"0.65658292831914";"133645.410235582";"182770.129692496";"181545.179680242"
"358";"Kassel (KNE)";"2002";"276500";"0.483346872461417";"0.665318731922967";"0.660891564201168";"133645.410235582";"183960.6293767";"182736.517501623"
"359";"Kassel (KNE)";"2003";"276000";"0.529379907933933";"0.729337281476842";"0.724351242067776";"146108.854589766";"201297.089687609";"199920.942810706"
"360";"Kassel (KNE)";"2004";"276500";"0.552396425670191";"0.537639996525633";"0.537999003610526";"152737.611697808";"148657.459039338";"148756.724498311"
"361";"Kassel (KNE)";"2005";"276500";"0.552396425670191";"0.253229127546195";"0.260507526577735";"152737.611697808";"70017.8537665229";"72030.3310987437"
"362";"Kassel (KVG)";"1994";"292442";"0.34229466308467";"0.447960046945429";"0.433911139573103";"100101.335861807";"131002.332048815";"126893.841479037"
"363";"Kassel (KVG)";"1995";"302636";"0.359049525465152";"0.405927720717867";"0.400098245041404";"108661.312188672";"122848.341687172";"121084.13248635"
"364";"Kassel (KVG)";"1996";"318040";"0.378714542068784";"0.415880263656643";"0.411340722751676";"120446.372959556";"132266.559053359";"130822.803463943"
"365";"Kassel (KVG)";"1997";"303739";"0.380352016967411";"0.485378035304377";"0.474493808076164";"115527.741281664";"147428.239065316";"144122.274771246"
"366";"Kassel (KVG)";"1998";"302126";"0.390302707901214";"0.488406480755958";"0.478260723984698";"117920.595927362";"147560.296404875";"144494.999494601"
"367";"Kassel (KVG)";"1999";"301500";"0.430915606767978";"0.489875582491974";"0.483601146438553";"129921.055440545";"147697.48812133";"145805.745651224"
"368";"Kassel (KVG)";"2000";"300200";"0.468297708835753";"0.491128245396043";"0.488667615464647";"140582.972192493";"147436.699267892";"146698.018162487"
"369";"Kassel (KVG)";"2001";"299700";"0.473397067111862";"0.442642649670595";"0.445707919060552";"141877.101013425";"132660.002106277";"133578.663342447"
"370";"Kassel (KVG)";"2002";"301426";"0.514189004893054";"0.446185497910279";"0.452662022384829";"154989.934988894";"134491.909893104";"136444.102759369"
"371";"Kassel (KVG)";"2003";"300154";"0.448020071466627";"0.454226669993759";"0.453622888576129";"134475.016530994";"136337.951905307";"136156.72449768"
"372";"Kassel (KVG)";"2004";"299654";"0.469061189385784";"0.540392075518987";"0.532865555159608";"140556.061644208";"161930.646997567";"159675.295065797"
"373";"Kassel (KVG)";"2005";"298465";"0.471993376701921";"0.499018264099718";"0.495899733391285";"140873.503177339";"148939.486194522";"148008.71392663"
"374";"Kassel (KVG)";"2006";"278310";"0.479296541998339";"0.570839185882707";"0.559583098269463";"133393.020603558";"158870.253823016";"155737.572079374"
"375";"Köln (KVB)";"1994";"1257987";"0.724298092763495";"0.552429643254817";"0.579022686650818";"911157.584821271";"694949.309629197";"728403.012511803"
"376";"Köln (KVB)";"1995";"1267133";"0.893163880288865";"0.541683626164494";"0.596469405137552";"1131757.42712207";"686385.198272694";"755806.066740161"
"377";"Köln (KVB)";"1996";"1279023";"0.830435325054286";"0.560589801410088";"0.602676350532111";"1062145.88075691";"717007.249568935";"770836.913886632"
"378";"Köln (KVB)";"1997";"1280350";"0.898077451866821";"0.570107968582441";"0.619073212577684";"1149853.46549768";"729937.737574528";"792630.387723838"
"379";"Köln (KVB)";"1998";"1280905";"0.96233528569971";"0.594993204519719";"0.650556557370746";"1232660.07912919";"762129.770635331";"833301.147118975"
"380";"Köln (KVB)";"1999";"1287600";"0.943177028354467";"0.592734948803864";"0.645290054956891";"1214434.74170921";"763205.520079855";"830875.474762493"
"381";"Köln (KVB)";"2000";"1290882";"0.954726490603971";"0.600179731934011";"0.655515204824691";"1232439.24164384";"774761.21271844";"846192.778634507"
"382";"Köln (KVB)";"2001";"1297206";"0.938658951017015";"0.578233276940198";"0.634798915686054";"1217634.02321298";"750087.676246487";"823464.962221444"
"383";"Köln (KVB)";"2002";"1300242";"0.903597012286973";"0.581069679475098";"0.655828020162872";"1174894.78645004";"755531.20218006";"852735.136592614"
"384";"Köln (KVB)";"2003";"1301354";"0.934407352084808";"0.608946857968024";"0.660081244434114";"1215994.74526497";"792455.42940412";"858999.367769312"
"385";"Köln (KVB)";"2004";"1305945";"0.952885831969424";"0.582519262938184";"0.638275491580965";"1244416.48783131";"760738.118837806";"833552.686852703"
"386";"Köln (KVB)";"2005";"1306153";"0.941325347008084";"0.568219008010357";"0.626255033660267";"1229514.92597065";"742180.961969751";"817984.890980459"
"387";"Köln (KVB)";"2006";"1307350";"0.92547636549855";"0.549621463175295";"0.60287131642161";"1209921.52643453";"718547.619882222";"788163.815523792"
"388";"Krefeld (SWK)";"1994";"530779";"0.478424515847056";"0.653387022088752";"0.641909579100564";"253937.686096785";"346804.110197246";"340712.124485418"
"389";"Krefeld (SWK)";"1995";"534534";"0.463927999134181";"0.652047754535679";"0.63971149644099";"247985.28908919";"348541.694422975";"341947.545038588"
"390";"Krefeld (SWK)";"1996";"535489";"0.457576628839698";"0.626028757504216";"0.614873575261721";"245027.251400741";"335231.513327175";"329258.035943324"
"391";"Krefeld (SWK)";"1997";"536923";"0.474141566433281";"0.656369835856179";"0.64434462010746";"254577.512274057";"352420.061377407";"345963.446461958"
"392";"Krefeld (SWK)";"1998";"538229";"0.493108739017254";"0.685024293958587";"0.672359815713728";"265405.423492518";"368699.940713037";"361883.551251784"
"393";"Krefeld (SWK)";"1999";"538426";"0.490891617477097";"0.381483824881801";"0.388591654936673";"264308.810031724";"205400.809895808";"209227.850400933"
"394";"Krefeld (SWK)";"2000";"537627";"0.497215152017081";"0.653562946932529";"0.643557958532658";"267316.290533487";"351373.086470495";"345994.134572037"
"395";"Krefeld (SWK)";"2001";"540845";"0.45668924262047";"0.611954692184969";"0.600565888475668";"246998.093425068";"330972.63549478";"324813.057952623"
"396";"Krefeld (SWK)";"2002";"542374";"0.462827951055006";"0.593214841359346";"0.5837910852341";"251025.847125508";"321744.306367434";"316633.106062759"
"397";"Krefeld (SWK)";"2003";"542308";"0.458449846935086";"0.602912006935835";"0.592823941818472";"248621.019591673";"326964.004657359";"321493.166239692"
"398";"Krefeld (SWK)";"2004";"543345";"0.476516536554127";"0.593252638260565";"0.584639277642757";"258912.877554002";"322340.854735687";"317660.828310804"
"399";"Krefeld (SWK)";"2005";"544727";"0.481455399197937";"0.420874992983757";"0.425276183364107";"262261.755238895";"229261.972303063";"231659.41953538"
"400";"Krefeld (SWK)";"2006";"541159";"0.495461331988246";"0.545280475805173";"0.541456016755052";"268123.358957427";"295083.437006252";"293013.796571147"
"401";"Leipzig (LVB)";"1994";"630533";"0.239585434645765";"0.332407925842976";"0.307457580962399";"151066.522863498";"209594.166705549";"193862.150896964"
"402";"Leipzig (LVB)";"1995";"607206";"0.245346791961881";"0.34176021347074";"0.315678511428102";"148976.044160006";"207518.852180714";"191681.886210212"
"403";"Leipzig (LVB)";"1996";"601250";"0.254359239469857";"0.358360139221159";"0.329593932906969";"152933.492731251";"215464.033706722";"198168.352160315"
"404";"Leipzig (LVB)";"1997";"598647";"0.245164240316314";"0.362234987745098";"0.329828295618885";"146766.836972641";"216850.88870864";"197450.719687359"
"405";"Leipzig (LVB)";"1998";"590846";"0.262337910491014";"0.402940990357573";"0.370027038806329";"155001.305061974";"238076.072388811";"218628.995770564"
"406";"Leipzig (LVB)";"1999";"614690";"0.30440283852782";"0.519995259729954";"0.498086856911657";"187113.380814666";"319635.886203405";"306169.010075026"
"407";"Leipzig (LVB)";"2000";"616068";"0.339181744948417";"0.443443837530313";"0.431988037283469";"208959.019246881";"273191.558099625";"266134.006153152"
"408";"Leipzig (LVB)";"2001";"673623";"0.373816073411977";"0.560807065651683";"0.53980374583626";"251811.104819996";"377772.537985484";"363624.218681459"
"409";"Leipzig (LVB)";"2002";"670081";"0.413504663691286";"1";"0.856384079158531";"277081.618550921";"670081";"573846.700146627"
"410";"Leipzig (LVB)";"2003";"671445";"0.436652480204167";"0.85569460761561";"0.807726364088328";"293188.124570687";"574551.865810463";"542343.828535287"
"411";"Leipzig (LVB)";"2004";"676948";"0.451652495145886";"0.874384462870247";"0.827417723251956";"305745.253284017";"591912.813371088";"560118.772919965"
"412";"Leipzig (LVB)";"2005";"676356";"0.46670104870219";"0.877797438264096";"0.832724545633583";"315656.054496019";"593703.564154551";"563218.242786548"
"413";"Leipzig (LVB)";"2006";"682268";"0.510576463282924";"0.891338154463258";"0.849787780068818";"348349.982451114";"608131.499969338";"579783.009131993"
"414";"Ludwigshafen (VBL)";"1994";"178815";"0.297875682763064";"0.505466132620534";"0.486735234545554";"53264.6402132773";"90384.9265045407";"87035.5609652633"
"415";"Ludwigshafen (VBL)";"1995";"178804";"0.327239661364028";"0.506064457185885";"0.490465067140189";"58511.7604105338";"90486.349202665";"87697.1158649343"
"416";"Ludwigshafen (VBL)";"1996";"178345";"0.367879088689016";"0.497521246392658";"0.48584804077951";"65609.3960722426";"88730.4266878986";"86648.5688328217"
"417";"Ludwigshafen (VBL)";"1997";"177112";"0.434103645522449";"0.44623410812501";"0.445082311263096";"76884.964865772";"79033.4153582367";"78829.4183124295"
"418";"Ludwigshafen (VBL)";"1998";"175555";"0.443145718771853";"0.432703643371918";"0.433694377512911";"77796.4466589926";"75963.2881121571";"76137.2164442791"
"419";"Ludwigshafen (VBL)";"1999";"174763";"0.460962185457387";"0.433927855644329";"0.43646417965252";"80559.1344170893";"75834.5338359698";"76277.7894286133"
"420";"Ludwigshafen (VBL)";"2000";"173796";"0.478505785655395";"0.444142165040092";"0.447152631657137";"83162.391523765";"77190.1317153077";"77713.3387714837"
"421";"Ludwigshafen (VBL)";"2001";"173496";"0.474637199736933";"0.458403482448667";"0.459869127477384";"82347.6556055589";"79531.1705909139";"79785.4541408161"
"422";"Ludwigshafen (VBL)";"2002";"166146";"0.47889728561996";"0.411477516537968";"0.425206963781907";"79566.8684166139";"68365.3434627173";"70646.4362045088"
"423";"Ludwigshafen (VBL)";"2003";"166816";"0.498902020710448";"0.494573546701377";"0.495077090287948";"83224.8394868342";"82502.7807665369";"82586.7798934744"
"424";"Ludwigshafen (VBL)";"2004";"167410";"0.588755819811657";"0.483227657452149";"0.495633070076739";"98563.6117946695";"80897.1421340642";"82973.9322615468"
"425";"Ludwigshafen (VBL)";"2005";"167410";"0.533764130811292";"0.641415017541534";"0.619422627246921";"89357.4531391184";"107379.288086628";"103697.542027407"
"426";"Ludwigshafen (VBL)";"2006";"167906";"0.54825348941203";"0.481763152715404";"0.492023797417694";"92055.0503932162";"80890.9239198327";"82613.7477292153"
"427";"Magdeburg (MVB)";"1994";"282342";"0.282067352530272";"0.404639001349528";"0.368059703017023";"79639.4604481019";"114246.584919028";"103918.712669232"
"428";"Magdeburg (MVB)";"1995";"274703";"0.274883434636427";"0.365435222672065";"0.339130173464272";"75511.3041449303";"100386.151973684";"93160.076041156"
"429";"Magdeburg (MVB)";"1996";"268848";"0.279617650357584";"0.385118125985341";"0.361593832478018";"75174.6460633356";"103538.237934907";"97213.7786740501"
"430";"Magdeburg (MVB)";"1997";"262356";"0.298402711404345";"0.400524036828853";"0.377509681595675";"78287.7417531983";"105079.884206271";"99041.9300247149"
"431";"Magdeburg (MVB)";"1998";"256596";"0.330022806289268";"0.422935964912281";"0.401497261905798";"84682.5320026011";"108523.676852632";"103022.59141598"
"432";"Magdeburg (MVB)";"1999";"256596";"0.349262604168376";"0.430577882184727";"0.409508047301263";"89619.3871791887";"110484.562257072";"105078.126905315"
"433";"Magdeburg (MVB)";"2000";"250836";"0.354623702463438";"0.450689559938682";"0.423601089428544";"88952.391031119";"113049.166456779";"106254.402867898"
"434";"Magdeburg (MVB)";"2001";"248837";"0.385114390790138";"0.456836009408547";"0.431855249901272";"95830.7096610456";"113677.702073195";"107461.564819683"
"435";"Magdeburg (MVB)";"2002";"247619";"0.370001590875714";"0.462808965480718";"0.435813750612693";"91619.4239310535";"114600.29322337";"107915.765112964"
"436";"Magdeburg (MVB)";"2003";"248149";"0.374146313679413";"0.467530535991165";"0.441988086932971";"92844.0335932327";"116017.234975672";"109678.90178433"
"437";"Magdeburg (MVB)";"2004";"247955";"0.365560998161414";"0.444640000403077";"0.414425621201844";"90642.6772991133";"110250.711299945";"102758.904905103"
"438";"Magdeburg (MVB)";"2005";"234178";"0.371987000983789";"0.460315761002374";"0.435734850325629";"87111.1719163818";"107795.824280014";"102039.515779555"
"439";"Magdeburg (MVB)";"2006";"234981";"0.379840843452528";"0.468201292390742";"0.443337073038361";"89255.3812353184";"110018.407887269";"104175.788759627"
"440";"Mainz (MVG)";"1994";"248232";"0.359496086547267";"0.670947787149608";"0.642502304134764";"89238.4325558011";"166550.711099721";"159489.631959981"
"441";"Mainz (MVG)";"1995";"246347";"0.237589860503308";"0.669256500060949";"0.634761496677874";"58529.5493654083";"164869.331020515";"156371.590422104"
"442";"Mainz (MVG)";"1996";"248002";"0.253850708547705";"0.682240559481667";"0.653982313290541";"62955.4834212479";"169197.023232572";"162188.921660681"
"443";"Mainz (MVG)";"1997";"261345";"0.308240380216067";"0.769981272190395";"0.740551337573871";"80557.0821675681";"201230.755580599";"193539.389318243"
"444";"Mainz (MVG)";"1998";"262514";"0.3080006909624";"0.737362338432616";"0.712539262156109";"80854.4933873036";"193567.9369113";"187051.531865649"
"445";"Mainz (MVG)";"1999";"260850";"0.313992922304082";"0.72050578859485";"0.696593267048334";"81905.0537830197";"187943.934954967";"181706.353709558"
"446";"Mainz (MVG)";"2000";"260096";"0.307894338776999";"0.740687344309164";"0.720294509819977";"80082.0859385424";"192649.815505436";"187345.720826137"
"447";"Mainz (MVG)";"2001";"261990";"0.29207167334286";"0.795011487518214";"0.771593542008964";"76519.8576990958";"208285.059614897";"202149.792070928"
"448";"Mainz (MVG)";"2002";"273646";"0.288896981241307";"0.746000756329724";"0.724722167667866";"79055.5033287587";"204140.122966604";"198317.322293641"
"449";"Mainz (MVG)";"2003";"273660";"0.285722289139754";"0.413232903004759";"0.407808713347288";"78190.7616459851";"113085.316236282";"111600.932494619"
"450";"Mainz (MVG)";"2004";"289110";"0.271436174682767";"0.766890086639097";"0.745906412070834";"78474.9124625346";"221715.592948229";"215649.002793799"
"451";"Mainz (MVG)";"2005";"284309";"0.290484327292083";"0.761334529721324";"0.742386637922149";"82587.3086080849";"216454.25881054";"211067.202641008"
"452";"Mainz (MVG)";"2006";"285971";"0.303101775931706";"0.759073922946456";"0.740504050742648";"86678.3179649658";"217073.128818921";"211762.683894926"
"453";"Mannheim (MVV)";"1994";"355200";"0.358569996442939";"0.412983815268953";"0.409376607054645";"127364.062736532";"146691.851183532";"145410.57082581"
"454";"Mannheim (MVV)";"1995";"363337";"0.390727527794904";"0.418228387089627";"0.414890065952971";"141965.767766417";"151957.847479984";"150744.911893155"
"455";"Mannheim (MVV)";"1996";"322000";"0.548796345527696";"0.384185016448005";"0.402580887520495";"176712.423259918";"123707.575296258";"129631.045781599"
"456";"Mannheim (MVV)";"1997";"331000";"0.572179004328028";"0.40653851461577";"0.4262074735049";"189391.250432577";"134564.24833782";"141074.673730122"
"457";"Mannheim (MVV)";"1998";"319000";"0.560852545955562";"0.403176107449191";"0.421786885774019";"178911.962159824";"128613.178276292";"134550.016561912"
"458";"Mannheim (MVV)";"1999";"319000";"0.537966580938899";"0.390579720587006";"0.410156346417906";"171611.339319509";"124594.930867255";"130839.874507312"
"459";"Mannheim (MVV)";"2000";"320000";"0.543792752463218";"0.431386831363439";"0.446635297287149";"174013.68078823";"138043.786036301";"142923.295131888"
"460";"Mannheim (MVV)";"2001";"322337";"0.545318607014979";"0.412623760141713";"0.427498849963522";"175776.363829387";"133003.904972799";"137798.696800692"
"461";"Mannheim (MVV)";"2002";"324581";"0.540751995769449";"0.406209307470887";"0.431264127059672";"175517.823538843";"131847.823228208";"139980.141625156"
"462";"Mannheim (MVV)";"2003";"496815";"0.553792720959486";"0.291618875658732";"0.326869140573119";"275132.530663487";"144880.631710393";"162393.492073834"
"463";"Mannheim (MVV)";"2004";"495747";"0.567242699557727";"0.398120958602013";"0.432152253858907";"281208.866577644";"197367.270864072";"214238.183393791"
"464";"Mannheim (MVV)";"2005";"628237";"0.641973504044352";"0.417266779838829";"0.462682401744135";"403311.508260312";"262142.429965606";"290674.20402453"
"465";"Mannheim (MVV)";"2006";"646993";"0.560654483433976";"0.379255285881112";"0.401133276290791";"362739.526200398";"245375.515178079";"259530.421827208"
"466";"Mülheim / Ruhr (MVG)";"1994";"204384";"0.297869338162768";"0.456242846756104";"0.424849771569454";"60879.7268110592";"93248.7379913995";"86832.4957124513"
"467";"Mülheim / Ruhr (MVG)";"1995";"204045";"0.283582410422364";"0.478769089191016";"0.440078842719615";"57863.5729346312";"97690.4388039808";"89795.8874627237"
"468";"Mülheim / Ruhr (MVG)";"1996";"203339";"0.357341861022851";"0.540040502876496";"0.503825657027892";"72661.5366785255";"109811.295814404";"102447.405274394"
"469";"Mülheim / Ruhr (MVG)";"1997";"202838";"0.341425897808732";"0.545497229152797";"0.5050458512347";"69254.1462597276";"110647.566966895";"102442.490372744"
"470";"Mülheim / Ruhr (MVG)";"1998";"201769";"0.370287108802159";"0.508270318973194";"0.480289775016628";"74712.4596559027";"102553.193988902";"96907.58761533"
"471";"Mülheim / Ruhr (MVG)";"1999";"201109";"0.37943014094699";"0.497075485148535";"0.492887463186668";"76306.8162157083";"99966.3537427367";"99124.1048340076"
"472";"Mülheim / Ruhr (MVG)";"2000";"200130";"0.435721802066105";"0.462099507327101";"0.456750577260799";"87201.0042474896";"92479.9744013727";"91409.4930272038"
"473";"Mülheim / Ruhr (MVG)";"2001";"200130";"0.435388645561076";"0.461856325833091";"0.456489150432827";"87134.3296361381";"92431.3064889765";"91357.1736761216"
"474";"Mülheim / Ruhr (MVG)";"2002";"199183";"0.474585463671702";"0.46871567881545";"0.469905966916316";"94529.3564105206";"93360.1950534977";"93597.2802082926"
"475";"Mülheim / Ruhr (MVG)";"2003";"197951";"0.462460107619367";"0.495327533188818";"0.488662603124173";"91544.4407633612";"98050.5805222598";"96731.2509510332"
"476";"Mülheim / Ruhr (MVG)";"2004";"197768";"0.405616409724993";"0.510328067711628";"0.495249907234069";"80217.9461184924";"100926.561295193";"97944.5836538673"
"477";"Mülheim / Ruhr (MVG)";"2005";"197193";"0.39058427325457";"0.497451343188484";"0.481986425469907";"77020.4845958884";"98093.9227173668";"95044.3491976874"
"478";"Mülheim / Ruhr (MVG)";"2006";"196943";"0.461473534919186";"0.50356483345846";"0.497473729164308";"90883.9823875892";"99173.5689958095";"97973.9686428063"
"479";"Nordhausen (IVG)";"1994";"49035";"0.227907665748735";"0.257817803809746";"0.257166553772788";"11175.4523899892";"12642.0960098109";"12610.1619642487"
"480";"Nordhausen (IVG)";"1995";"48112";"0.230161037663332";"0.184291829430965";"0.187916551345879";"11073.5078440582";"8866.64849758259";"9041.04111835293"
"481";"Nordhausen (IVG)";"2003";"96167";"0.191574330113103";"0.36383663623761";"0.363074600968443";"18423.1286039868";"34989.0777970622";"34915.7951513322"
"482";"Nordhausen (IVG)";"2004";"95620";"0.237814676649043";"0.738151260504201";"0.736797220510307";"22739.8393811815";"70582.0235294117";"70452.5502251955"
"483";"Nordhausen (IVG)";"2005";"95148";"0.24051005923161";"0.634285714285712";"0.633114924429258";"22884.0511157693";"60351.0171428569";"60239.618829595"
"484";"Nordhausen (IVG)";"2006";"93612";"0.24326724097273";"0.617142857142858";"0.616046179706036";"22772.7329619392";"57771.9771428573";"57669.3149746414"
"485";"Oberhausen (StOAG)";"1996";"224103";"0.321341276288476";"0.720007949139656";"0.713485010315335";"72013.5440400764";"161355.941426044";"159894.131266697"
"486";"Oberhausen (StOAG)";"1997";"223307";"0.614771188735448";"0.830270893157518";"0.826492536128665";"137282.709842947";"185405.302338326";"184561.568765284"
"487";"Oberhausen (StOAG)";"1998";"222431";"0.660320877335502";"0.807752166841212";"0.805115587920954";"146875.833066613";"179669.122222658";"179082.665336846"
"488";"Oberhausen (StOAG)";"1999";"222431";"0.652219063092341";"0.810483557546833";"0.807737032020366";"145073.738422692";"180276.6681887";"179665.755769322"
"489";"Oberhausen (StOAG)";"2000";"221633";"0.662407708276928";"0.824152136750146";"0.821625808852273";"146811.40760854";"182659.310524345";"182099.392893356"
"490";"Oberhausen (StOAG)";"2001";"221317";"0.621445978878964";"0.807588380943245";"0.804680440458874";"137536.559707556";"178733.037705216";"178089.461041037"
"491";"Oberhausen (StOAG)";"2002";"220500.5";"0.659806841772726";"0.83302861321658";"0.830345695838168";"145487.738514307";"183683.225728562";"183091.641105164"
"492";"Oberhausen (StOAG)";"2003";"219684";"0.65980684177273";"0.905852549977879";"0.90231561691557";"144949.006228";"199001.31158934";"198224.30398648"
"493";"Oberhausen (StOAG)";"2004";"219147";"0.682823359508986";"0.838381276266678";"0.836083634581083";"149638.690766316";"183728.741550014";"183225.220267541"
"494";"Oberhausen (StOAG)";"2005";"219130";"0.721184222402748";"0.852239501044015";"0.850382153223371";"158033.098655114";"186751.241863775";"186344.241235837"
"495";"Oberhausen (StOAG)";"2006";"218089";"0.675151186930233";"0.835916279659268";"0.833637877005733";"147243.047206428";"182304.14551461";"181807.250958303"
"496";"Pirna (OVPS)";"1994";"150000";"0.0575412943406448";"0.739774284209136";"0.735757859274371";"8631.19415109671";"110966.14263137";"110363.678891156"
"497";"Pirna (OVPS)";"1995";"149597";"0.069049553208774";"0.731183330970331";"0.727436030415623";"10329.606011373";"109382.832763169";"108822.247842086"
"498";"Pirna (OVPS)";"1996";"157974";"0.0553455185486058";"0.772779022776986";"0.768435605899521";"8743.15294719746";"122078.993344172";"121392.846406371"
"499";"Pirna (OVPS)";"1997";"159000";"0.057097703271546";"0.803270278990194";"0.79656330055331";"9078.53482017582";"127719.974359441";"126653.564787976"
"500";"Pirna (OVPS)";"1998";"159000";"0.0601819166482047";"0.873285385772287";"0.865976798440303";"9568.92474706454";"138852.376337794";"137690.310952008"
"501";"Pirna (OVPS)";"1999";"160000";"0.0666683898284228";"0.888654394707391";"0.880886823608654";"10666.9423725476";"142184.703153183";"140941.891777385"
"502";"Pirna (OVPS)";"2000";"149000";"0.0623831327080723";"0.870955629105015";"0.862681376875046";"9295.08677350277";"129772.388736647";"128539.525154382"
"503";"Pirna (OVPS)";"2001";"149000";"0.0627723210988854";"0.899442523639812";"0.890959856031915";"9353.07584373392";"134016.936022332";"132753.018548755"
"504";"Pirna (OVPS)";"2002";"146500";"0.046033035472516";"0.895141327485685";"0.88541119185049";"6743.83969672359";"131138.204476653";"129712.739606097"
"505";"Pirna (OVPS)";"2003";"142800";"0.0209852819559568";"0.928730093844456";"0.919857062399369";"2996.69826331063";"132622.657400988";"131355.58851063"
"506";"Pirna (OVPS)";"2004";"141600";"0.0544455929760474";"0.90897654579277";"0.900628833999458";"7709.49596540831";"128711.078884256";"127529.042894323"
"507";"Pirna (OVPS)";"2005";"140500";"0.0634976434945698";"0.901783619089741";"0.893636910752674";"8921.41891098706";"126700.598482109";"125555.985960751"
"508";"Pirna (OVPS)";"2006";"138600";"0.0672964550652489";"0.599236806970104";"0.594060887792806";"9327.28867204349";"83054.2214460564";"82336.8390480829"
"509";"Plauen (PSB)";"1996";"67764";"0.255414275875349";"0.312069078947369";"0.268199209311955";"17307.8929904172";"21147.0490657895";"18174.2512198153"
"510";"Plauen (PSB)";"1997";"66846";"0.259331287352587";"0.296688596491228";"0.267761476582988";"17335.259234371";"19832.4459210526";"17898.7836636664"
"511";"Plauen (PSB)";"1998";"66359";"0.263625200499676";"0.238989035087719";"0.258065711844765";"17493.904679958";"15859.073379386";"17124.9825723068"
"512";"Plauen (PSB)";"1999";"63500";"0.277206687932088";"0.243129934210527";"0.26951680103032";"17602.6246836876";"15438.7508223684";"17114.3168654253"
"513";"Plauen (PSB)";"2000";"63000";"0.290230093660948";"0.326311951754386";"0.298372459867875";"18284.4959006397";"20557.6529605263";"18797.4649716761"
"514";"Plauen (PSB)";"2001";"62500";"0.272740991422653";"0.500548245614035";"0.324148823120708";"17046.3119639158";"31284.2653508772";"20259.3014450443"
"515";"Plauen (PSB)";"2002";"62000";"0.26019382991588";"0.273026315789474";"0.263089656374081";"16132.0174547846";"16927.6315789474";"16311.558695193"
"516";"Plauen (PSB)";"2003";"59000";"0.263413024171996";"0.182017543859649";"0.245045017552838";"15541.3684261478";"10739.0350877193";"14457.6560356174"
"517";"Plauen (PSB)";"2004";"59000";"0.292341149575476";"0.182017543859649";"0.267445114657303";"17248.1278249531";"10739.0350877193";"15779.2617647809"
"518";"Plauen (PSB)";"2005";"58500";"0.277454677545827";"0.273026315789474";"0.27645535697249";"16231.0986364309";"15972.0394736842";"16172.6383828907"
"519";"Plauen (PSB)";"2006";"58000";"0.295209439135951";"0.227521929824561";"0.27993482420285";"17122.1474698852";"13196.2719298246";"16236.2198037653"
"520";"Potsdam (ViP)";"1994";"149804";"0.249647408163824";"0.507021959791442";"0.475096479421095";"37398.1803325735";"75953.9176645972";"71171.3530031977"
"521";"Potsdam (ViP)";"1995";"146047";"0.271779625124316";"0.607216555524123";"0.554965802904153";"39692.598910531";"88682.1562846316";"81051.0906167428"
"522";"Potsdam (ViP)";"1996";"143784";"0.235039730682432";"0.615616571090565";"0.554045218081793";"33794.9526364427";"88515.8130576859";"79662.8376366725"
"523";"Potsdam (ViP)";"1997";"139187";"0.227958756511392";"0.621554317006481";"0.55854791305371";"31728.8954425511";"86512.2807211811";"77742.6083742067"
"524";"Potsdam (ViP)";"1998";"135757";"0.24086688085765";"0.644784575040654";"0.581021155258694";"32699.3651445919";"87534.0195537941";"78877.6889744545"
"525";"Potsdam (ViP)";"1999";"134129";"0.247483943636084";"0.655669918962623";"0.59174316962751";"33194.7738759644";"87944.3505605376";"79369.9195989683"
"526";"Potsdam (ViP)";"2000";"134160";"0.242173747857027";"0.692031003882003";"0.614229872512643";"32490.0300124988";"92842.8794808095";"82405.0796962962"
"527";"Potsdam (ViP)";"2001";"135107";"0.297805401698979";"0.685090685762705";"0.623253422174629";"40235.594407344";"92560.5472813418";"84205.9001097476"
"528";"Potsdam (ViP)";"2002";"137077";"0.293554686159449";"0.722284366793164";"0.653142135932035";"40239.5957146788";"99008.5741469066";"89530.7645671555"
"529";"Potsdam (ViP)";"2003";"151764";"0.298507189241646";"0.641187888470381";"0.586743291396657";"45302.6450680692";"97309.2387058189";"89046.5088755222"
"530";"Potsdam (ViP)";"2004";"152135";"0.331671387824619";"0.722788131078046";"0.665556364596911";"50458.8265866985";"109961.372321558";"101254.417527951"
"531";"Potsdam (ViP)";"2005";"153684";"0.453889001981548";"0.77339096993878";"0.725672071365323";"69755.4773805322";"118857.817824071";"111524.186615708"
"532";"Potsdam (ViP)";"2006";"154399";"0.420558047457854";"0.806140705549952";"0.743886313908021";"64933.7419694452";"124467.318796207";"114855.302981085"
"533";"Rostock (RSAG)";"1994";"231000";"0.237797687434123";"0.568387049670143";"0.554517930735756";"54931.2657972824";"131297.408473803";"128093.64199996"
"534";"Rostock (RSAG)";"1995";"231000";"0.244449115171054";"0.58776381255904";"0.560174919759934";"56467.7456045136";"135773.440701138";"129400.406464545"
"535";"Rostock (RSAG)";"1996";"217000";"0.308948297124045";"0.595348705941923";"0.572986209034925";"67041.7804759177";"129190.669189397";"124338.007360579"
"536";"Rostock (RSAG)";"1997";"211339";"0.289760673188729";"0.598927972675642";"0.579758138729977";"61237.7309110327";"126576.838817297";"122525.505281055"
"537";"Rostock (RSAG)";"1998";"206000";"0.283629323102646";"0.607194594129933";"0.587311691005358";"58427.6405591451";"125082.086390766";"120986.208347104"
"538";"Rostock (RSAG)";"1999";"201000";"0.279004770059105";"0.593893261297574";"0.575267231179224";"56079.9587818801";"119372.545520812";"115628.713467024"
"539";"Rostock (RSAG)";"2000";"198000";"0.305052604664886";"0.59639383048763";"0.583766964511929";"60400.4157236474";"118085.978436551";"115585.858973362"
"540";"Rostock (RSAG)";"2001";"196000";"0.328208404159328";"0.647148403135283";"0.632292934067789";"64328.8472152283";"126841.087014516";"123929.415077287"
"541";"Rostock (RSAG)";"2002";"195000";"0.285794101325186";"0.688493811026338";"0.665597291970576";"55729.8497584114";"134256.293150136";"129791.471934262"
"542";"Rostock (RSAG)";"2003";"195157";"0.361906473282987";"0.828415593114296";"0.781832389276279";"70628.5816064878";"161671.101905407";"152580.063593991"
"543";"Rostock (RSAG)";"2004";"195599";"0.406893050634636";"0.832205128472453";"0.784841141817805";"79587.8738110841";"162778.490924083";"153514.142498421"
"544";"Rostock (RSAG)";"2005";"197218";"0.393668538942283";"0.815474105830355";"0.768500614406109";"77638.5219131193";"160826.172203651";"151562.154171944"
"545";"Rostock (RSAG)";"2006";"198306";"0.360063955091405";"0.836553405959637";"0.783955845307205";"71402.8426783561";"165893.559722232";"155463.147859491"
"546";"Saarbrücken (Saarbahn)";"1998";"334000";"1";"0.414089912280702";"0.608003215333708";"334000";"138306.030701754";"203073.073921459"
"547";"Saarbrücken (Saarbahn)";"1999";"333000";"0.929092656161833";"0.414089912280702";"0.586355638456969";"309387.85450189";"137891.940789474";"195256.427606171"
"548";"Saarbrücken (Saarbahn)";"2000";"332000";"0.792595916815974";"0.414089912280702";"0.540654093525516";"263141.844382903";"137477.850877193";"179497.159050471"
"549";"Saarbrücken (Saarbahn)";"2001";"331000";"0.556140499662452";"0.4821781401637";"0.484308843897604";"184082.505388272";"159600.964394185";"160306.227330107"
"550";"Saarbrücken (Saarbahn)";"2002";"330000";"0.615720947609027";"0.459364919279905";"0.465143583028687";"203187.912710979";"151590.423362369";"153497.382399467"
"551";"Saarbrücken (Saarbahn)";"2003";"329000";"0.553322476579827";"0.471573720026842";"0.473836331422423";"182043.094794763";"155147.753888831";"155892.153037977"
"552";"Saarbrücken (Saarbahn)";"2004";"327400";"0.565723237507772";"0.481406733014834";"0.483733996939607";"185217.787960044";"157612.564389057";"158374.510598027"
"553";"Saarbrücken (Saarbahn)";"2005";"324000";"0.647995537144238";"0.475027512151275";"0.479801693044165";"209950.554034733";"153908.913937013";"155455.748546309"
"554";"Saarbrücken (Saarbahn)";"2006";"322000";"0.665261139203692";"0.492258864657153";"0.497578205240278";"214214.086823589";"158507.354419603";"160220.18208737"
"555";"Schwerin (NVS)";"1994";"126854";"0.261242812671129";"0.323562918048132";"0.320572199631856";"33139.6957585834";"41045.2504060778";"40665.8658120995"
"556";"Schwerin (NVS)";"1995";"122975";"0.239934517683348";"0.34958662520826";"0.338631284132414";"29505.9473121097";"42990.4152349858";"41643.1821661836"
"557";"Schwerin (NVS)";"1996";"119825";"0.27254840417193";"0.411906598483335";"0.398478855802288";"32658.1125299015";"49356.7081632656";"47747.7288965092"
"558";"Schwerin (NVS)";"1997";"116400";"0.291459669443714";"0.421076797869753";"0.408587647474536";"33925.9055232484";"49013.3392720393";"47559.602166036"
"559";"Schwerin (NVS)";"1998";"114068";"0.326709897363993";"0.440273981876318";"0.42933160914987";"37267.1445725159";"50221.1725646679";"48972.9979925074"
"560";"Schwerin (NVS)";"1999";"112900";"0.320651395627455";"0.454848327728733";"0.438708045453947";"36201.5425663396";"51352.3762005739";"49530.1383317506"
"561";"Schwerin (NVS)";"2000";"113774";"0.309190923269125";"0.454500692611785";"0.439698229453658";"35177.8881040214";"51710.3618012132";"50026.2263578605"
"562";"Schwerin (NVS)";"2001";"111813";"0.297598129220259";"0.457073014021893";"0.440754985148089";"33275.3396225048";"51106.7049168299";"49282.1371543632"
"563";"Schwerin (NVS)";"2002";"110486";"0.311394633086087";"0.476176423191026";"0.455328340354545";"34404.7474311494";"52610.8282926837";"50307.4070124122"
"564";"Schwerin (NVS)";"2003";"107585";"0.657579810650806";"0.505656504585446";"0.518667139248486";"70745.723928867";"54401.0550458252";"55800.8041760483"
"565";"Schwerin (NVS)";"2004";"106265";"0.5502259367967";"0.468588444769326";"0.47679159776374";"58469.7591737013";"49794.5510834124";"50666.2591363638"
"566";"Schwerin (NVS)";"2005";"105982";"0.791394216697089";"0.566984578860827";"0.589533857958898";"83873.5418739909";"60090.1596368282";"62479.9773341999"
"567";"Stuttgart (SSB)";"1994";"883172";"0.598109093420888";"0.437590787693807";"0.456046566018084";"528233.204254712";"386467.931149115";"402767.557803323"
"568";"Stuttgart (SSB)";"1995";"876787";"0.675261468915452";"0.429328114723437";"0.457837953207054";"592060.477545972";"376429.309724018";"401426.365478553"
"569";"Stuttgart (SSB)";"1996";"875150";"0.685562793789673";"0.456202243740159";"0.482229669396136";"599970.278985032";"399245.3936092";"422023.295172029"
"570";"Stuttgart (SSB)";"1997";"874376";"0.74473036511262";"0.442367645913017";"0.476684290078773";"651174.357725712";"386795.65276284";"416801.302821917"
"571";"Stuttgart (SSB)";"1998";"869897";"0.776668675898395";"0.452539384925144";"0.490328997931884";"675621.751157986";"393662.653328228";"426535.724313952"
"572";"Stuttgart (SSB)";"1999";"886872";"0.886008245973728";"0.464145478812322";"0.511110830898966";"785775.905123212";"411637.629085241";"453289.884821028"
"573";"Stuttgart (SSB)";"2000";"907683";"0.90712994086043";"0.467088428513703";"0.518457971313899";"823386.426110018";"423968.226058603";"470595.486776114"
"574";"Stuttgart (SSB)";"2001";"856535";"0.94278890961996";"0.465562103697796";"0.523403398875162";"807531.698701332";"398770.236490792";"448313.330255537"
"575";"Stuttgart (SSB)";"2002";"961621";"1";"0.459588305917146";"0.546797040033483";"961621";"441949.766324352";"525811.516434037"
"576";"Stuttgart (SSB)";"2003";"962628";"0.994059176001893";"0.458304608290256";"0.523357886347858";"956909.19647635";"441176.848469232";"503798.955419266"
"577";"Stuttgart (SSB)";"2004";"964881";"0.975911267479162";"0.492335817189035";"0.551053316069018";"941638.239676561";"475045.475625174";"531700.87466199"
"578";"Stuttgart (SSB)";"2005";"968012";"0.935524505777961";"0.501873525434888";"0.553357012185432";"905598.947887136";"485819.595103277";"535656.228079645"
"579";"Stuttgart (SSB)";"2006";"969777";"0.936709701604646";"0.496281051917664";"0.548863800165702";"908399.524293049";"481281.949685556";"532275.489533294"
"580";"Ulm (SWU)";"1994";"112897";"0.167691772078451";"0.63951039590832";"0.611812541472963";"18931.8979923409";"72198.8051668616";"69071.8004946731"
"581";"Ulm (SWU)";"1995";"112895";"0.174267920003096";"0.564119411232794";"0.541233392516881";"19673.9768287495";"63686.2609311263";"61102.5438481932"
"582";"Ulm (SWU)";"1996";"112373";"0.168247456578083";"0.582527788541359";"0.563305181138263";"18906.471438049";"65460.3951817581";"63300.29312005"
"583";"Ulm (SWU)";"1997";"111387";"0.164939654171987";"0.569714852913051";"0.552655361778371";"18372.1332592551";"63458.8283214261";"61558.6227824074"
"584";"Ulm (SWU)";"1998";"110119";"0.164403698116128";"0.565007384183743";"0.548123703928019";"18103.9708328499";"62218.0481389296";"60358.8341528496"
"585";"Ulm (SWU)";"1999";"110180";"0.165508490967469";"0.579911881016367";"0.563573396104045";"18235.7255347957";"63894.6910503834";"62094.5167827437"
"586";"Ulm (SWU)";"2000";"110903";"0.164403698116128";"0.6010014201002";"0.583787889842764";"18232.863332173";"66652.8604933725";"64743.8283472321"
"587";"Ulm (SWU)";"2001";"110840";"0.164403698116128";"0.609901672569412";"0.592337236300645";"18222.5058991917";"67601.5013875937";"65654.6592715635"
"588";"Ulm (SWU)";"2002";"110840";"0.164403698116128";"0.609901672569412";"0.592337236300645";"18222.5058991917";"67601.5013875937";"65654.6592715635"
"589";"Ulm (SWU)";"2003";"112920";"0.246904462988949";"0.651955268711038";"0.636321728841063";"27880.4519607121";"73618.7889428505";"71853.4496207328"
"590";"Ulm (SWU)";"2004";"115000";"0.38552667208232";"0.705229040856087";"0.693102399281909";"44335.5672894668";"81101.33969845";"79706.7759174196"
"591";"Ulm (SWU)";"2005";"115000";"0.362510154346062";"0.712482206968845";"0.703466533482076";"41688.6677497971";"81935.4538014172";"80898.6513504387"
"592";"Ulm (SWU)";"2006";"115000";"0.374018413214191";"0.638893612033159";"0.632079703738003";"43012.1175196319";"73472.7653838133";"72689.1659298703"
"593";"Würzburg (WSB)";"1994";"128709";"0.356681384195028";"0.374214303866003";"0.372477130006877";"45908.1042783579";"48164.7488362894";"47941.1589260551"
"594";"Würzburg (WSB)";"1995";"128283";"0.339045152079214";"0.310699189080448";"0.313294336235597";"43493.7292441778";"39857.4240728071";"40190.3373353111"
"595";"Würzburg (WSB)";"1996";"127733";"0.310667991807473";"0.320576365514867";"0.31967221476264";"39682.5545975439";"40948.1808963105";"40832.6910082763"
"596";"Würzburg (WSB)";"1997";"126795";"0.317213812141138";"0.335695135314664";"0.333926753547591";"40221.1253104356";"42564.4646822228";"42340.2427160668"
"597";"Würzburg (WSB)";"1998";"125787";"0.348207794922007";"0.310276859632788";"0.314027203132183";"43800.0138998546";"39028.7953426295";"39500.5398003879"
"598";"Würzburg (WSB)";"1999";"126621";"0.384893118411903";"0.509502848201869";"0.497684824688619";"48735.5515464335";"64513.7601421689";"63017.3501868976"
"599";"Würzburg (WSB)";"2000";"126934";"0.406614419360572";"0.488280399667593";"0.48301162674456";"51613.1947071149";"61979.3842514063";"61310.5978291939"
"600";"Würzburg (WSB)";"2001";"127540";"0.412922694944724";"0.420244029675066";"0.419740513080204";"52664.16051325";"53597.9235447579";"53533.7050382492"
"601";"Würzburg (WSB)";"2002";"128667";"0.418872167961875";"0.430485612467624";"0.429971306493091";"53895.0252351506";"55389.2922993718";"55323.1180925465"
"602";"Würzburg (WSB)";"2003";"128851";"0.409524012569085";"0.413408565182903";"0.41323672840508";"52767.5785435391";"53268.1070323822";"53245.965691723"
"603";"Würzburg (WSB)";"2004";"129022";"0.392768148914999";"0.435214554905221";"0.433336898876163";"50675.7321093111";"56152.2523029814";"55909.9933668003"
"604";"Würzburg (WSB)";"2005";"129628";"0.386673724447999";"0.427464605524649";"0.42566741049724";"50123.7415527452";"55411.3818849492";"55178.4150879362"
"605";"Würzburg (WSB)";"2006";"131320";"0.389937773430255";"0.433680685829008";"0.431725585003962";"51206.6284068611";"56950.9476630653";"56694.2038227203"
"606";"Zwickau (SVZ)";"1995";"204422";"0.228849947777651";"0.553799880060125";"0.551124521234486";"46781.9640246029";"113208.879081651";"112661.976879796"
"607";"Zwickau (SVZ)";"1996";"206364";"0.234191201762284";"0.154756406972275";"0.155393746767458";"48328.633160472";"31936.1511684266";"32067.6751579196"
"608";"Zwickau (SVZ)";"1997";"206682";"0.219609337535283";"0.192929227347549";"0.193169967385049";"45389.2971004673";"39874.9985666461";"39924.7551990768"
"609";"Zwickau (SVZ)";"1998";"118371";"0.254782311211725";"0.445218475430095";"0.422876802532967";"30158.8369604431";"52700.9561551357";"50056.3499926299"
"610";"Zwickau (SVZ)";"1999";"123945";"0.268588433644642";"0.446211790340681";"0.425373295979693";"33290.1934080851";"55305.7203537757";"52722.893170203"
"611";"Zwickau (SVZ)";"2000";"120512";"0.292199320585363";"0.44877627046669";"0.428382943952426";"35213.5245223832";"54082.9259064817";"51625.2853415948"
"612";"Zwickau (SVZ)";"2001";"148109";"0.286924940383092";"0.464260260122496";"0.441163264806787";"42496.1659951994";"68761.1228664828";"65340.2499872684"
"613";"Zwickau (SVZ)";"2002";"145934";"0.286557477238518";"0.463575630199648";"0.440519944193347";"41818.4788833259";"67651.4460175554";"64286.8375359118"
"614";"Zwickau (SVZ)";"2003";"144153";"0.255875473769207";"0.522210320739181";"0.488465514447917";"36885.2171702525";"75278.1843655151";"70413.7693042106"
"615";"Zwickau (SVZ)";"2004";"142530";"0.236908499245709";"0.496474134861436";"0.463753932063853";"33766.5683974909";"70762.4584418004";"66098.8479370609"
"616";"Zwickau (SVZ)";"2005";"141060";"0.250183538573623";"0.388150650798977";"0.375164485466332";"35290.8899511953";"54752.5308017037";"52920.7023198808"
